Title	Authors	Author Gender	Ethnicity	Author Country of Origin	language	ISBN	Format	Read Status	Date Added	Last Date Read	Dates Read	Most Recent Date
Writing Science: How to Write Papers That Get Cited and Proposals That Get Funded	Joshua Schimel							to-read	4/9/2021			4/9/2021
Nine Lives: My Time as Mi6's Top Spy Inside Al-Qaeda	Paul Cruickshank, Tim Lister, Aimen Dean							to-read	12/25/2021			12/25/2021
The Color of Distance	Amy Thomson							to-read	1/5/2021			1/5/2021
The Golden Compass	Philip Pullman					9780440418320	paperback	read	1/5/2021			1/5/2021
The Iliad	Homer							to-read	1/6/2021			1/6/2021
Where There Is No Doctor: A Village Health Care Handbook	Jane Maxwell, Carol Thuman, David Werner							to-read	1/19/2021			1/19/2021
The Book of Negroes	Lawrence Hill					9781443408981	paperback	to-read	1/6/2021			1/6/2021
Embassytown	China Miéville						digital	read	12/31/2018			12/31/2018
Fault Lines: How Hidden Fractures Still Threaten the World Economy	Raghuram G. Rajan							to-read	1/6/2021			1/6/2021
Economics in One Lesson: The Shortest & Surest Way to Understand Basic Economics	Henry Hazlitt							to-read	10/23/2021			10/23/2021
Lonely Castle in the Mirror	Mizuki Tsujimura					9780857527288	paperback	to-read	8/30/2021			8/30/2021
Black Flags: The Rise of ISIS	Joby Warrick							to-read	12/25/2021			12/25/2021
Dragon's Keep	Janet Lee Carey					9780152064013	paperback	read	6/16/2012			6/16/2012
The World Without Us	Alan Weisman							to-read	1/6/2021			1/6/2021
Gardening When It Counts: Growing Food in Hard Times	Steve Solomon							to-read	12/15/2021			12/15/2021
The Future of Terrorism: ISIS, Al-Qaeda, and the Alt-Right	Walter Laqueur							to-read	12/25/2021			12/25/2021
The Prey of Gods	Nicky Drayden					9780062493033	paperback	to-read	1/5/2021			1/5/2021
Eclipse	Stephenie Meyer					9781907410505	paperback	read	6/16/2012			6/16/2012
余污 (Yu Wu) Remnants of Filth	Meatbun Doesn't Eat Meat, 肉包不吃肉						digital	to-read	2/17/2021			2/17/2021
The Coming Plague: Newly Emerging Diseases in a World Out of Balance	Laurie Garrett							to-read	1/16/2021			1/16/2021
They Both Die at the End	Adam Silvera					9781471166204	paperback	to-read	10/18/2021			10/18/2021
Questioning Collapse: Human Resilience, Ecological Vulnerability, and the Aftermath of Empire	Norman Yoffee, Patricia A. McAnany							to-read	12/15/2021			12/15/2021
The Truthful Art: Data, Charts, and Maps for Communication	Alberto Cairo							to-read	4/9/2021			4/9/2021
A Distant Mirror: The Calamitous 14th Century	Barbara W. Tuchman					9780345349576	paperback	to-read	1/6/2021			1/6/2021
The First Teacher	Chingiz Aitmatov							to-read	8/29/2021			8/29/2021
Wenny Has Wings	Janet Lee Carey					9780689867590	paperback	read	6/16/2012			6/16/2012
The Water Knife	Paolo Bacigalupi					9780356501741	hardcover	to-read	1/16/2021			1/16/2021
The Worst Hard Time: The Untold Story of Those Who Survived the Great American Dust Bowl	Timothy Egan					9780618773473	paperback	to-read	1/6/2021			1/6/2021
Bioinformatics Data Skills: Reproducible and Robust Research with Open Source Tools	Vince Buffalo							to-read	1/10/2022			1/10/2022
Salafi-Jihadism: The History of an Idea	Shiraz Maher							to-read	12/23/2021			12/23/2021
Quiet: The Power of Introverts in a World That Can't Stop Talking	Susan Cain					9780670916757	hardcover	to-read	1/6/2021			1/6/2021
The Fabric of the Cosmos: Space, Time, and the Texture of Reality	Brian Greene					9780965900584	paperback	to-read	10/23/2021			10/23/2021
Half-Earth: Our Planet's Fight for Life	Edward O. Wilson							to-read	1/16/2021			1/16/2021
King Leopold's Ghost: A Story of Greed, Terror and Heroism in Colonial Africa 	Adam Hochschild					618001905	paperback	to-read	12/25/2021			12/25/2021
Midnight in Washington: How We Almost Lost Our Democracy and Still Could	Adam Schiff						audio	to-read	12/25/2021			12/25/2021
I, Robot	Isaac Asimov					9780008305918	audio	to-read	12/31/2018			12/31/2018
The Arab Left	Tareq Y. Ismael					9780815601241		to-read	12/4/2021			12/4/2021
The Story of Philosophy: The Lives and Opinions of the World's Greatest Philosophers	Will Durant							to-read	5/19/2021			5/19/2021
Climate Wars: What People Will be Killed for in the 21st Century	Harald Welzer							to-read	1/16/2021			1/16/2021
Solaris	Stanisław Lem						digital	to-read	12/31/2018			12/31/2018
Research Is Ceremony: Indigenous Research Methods	Shawn Wilson	Male	Indigenous	Canada	english	9781552662816	paperback	read	9/7/2021	11/6/2021	2021/10/08-2021/11/06	11/6/2021
After the Music Stopped: The Financial Crisis, the Response, and the Work Ahead	Alan S. Blinder					9780143124481	paperback	to-read	1/6/2021			1/6/2021
Modern Statistics for Modern Biology	Wolfgang Huber, Susan Holmes					9781108705295	paperback	to-read	4/9/2021			4/9/2021
Radicalized	Cory Doctorow							to-read	12/15/2021			12/15/2021
Harry Potter and the Sorcerer's Stone	J.K. Rowling					9780590353427	paperback	read	6/16/2012			6/16/2012
Lao Tzu: Tao Te Ching: A Book about the Way and the Power of the Way	Ursula K. Le Guin, Lao Tzu, J.P. Seaton	Female	American	USA	chinese			read	2/21/2021	2/23/2021	2021/02/21-2021/02/23	2/23/2021
天涯客 (Tiān yá kè) Faraway Wanderers	priest						digital	did-not-finish	4/10/2021			4/10/2021
War	Sebastian Junger							to-read	7/23/2021			7/23/2021
2084: The End of the World	Boualem Sansal					9781609453664	paperback	to-read	1/16/2021			1/16/2021
Collapse of Complex Societies	Joseph A. Tainter							to-read	1/16/2021			1/16/2021
The Research Methods Knowledge Base	James Donnelly, William Trochim							to-read	11/4/2021			11/4/2021
Can the Subaltern Speak?: Reflections on the History of an Idea	Rosalind C. Morris, Gayatri Chakravorty Spivak							to-read	8/29/2021			8/29/2021
Indigenous Food Sovereignty in the United States: Restoring Cultural Knowledge, Protecting Environments, and Regaining Health	Devon A. Mihesuah, Winona LaDuke, Elizabeth Hoover							to-read	11/7/2021			11/7/2021
Directorate S: The C.I.A. and America's Secret Wars in Afghanistan and Pakistan	Steve Coll							to-read	12/25/2021			12/25/2021
The Road	Cormac McCarthy					9781529014587	digital	to-read	1/16/2021			1/16/2021
The Tipping Point: How Little Things Can Make a Big Difference	Malcolm Gladwell					9781586217457	audio	to-read	1/6/2021			1/6/2021
Small Wonder	Barbara Kingsolver					9780792743606	audio	to-read	1/6/2021			1/6/2021
Why Marx Was Right	Terry Eagleton							to-read	2/1/2021			2/1/2021
The Way Back from Broken	Amber J. Keyser					9781541514881	paperback	read	10/20/2015	2/23/2016	2/23/2016	2/23/2016
On Death and Dying: What the Dying Have to Teach Doctors, Nurses, Clergy and Their Own Families	Elisabeth Kübler-Ross					9780415463997	paperback	to-read	1/16/2021			1/16/2021
Broken Stars: Contemporary Chinese Science Fiction in Translation	Cheng Jingbo, Gu Shi, Liu Cixin, Zhang Ran, Xia Jia, Ma Boyong, Anna Wu, Mingwei Song, Regina Kanyu Wang, Baoshu, Chen Qiufan, Han Song, Hao Jingfang, Ken Liu, Tang Fei, Fei Dao							to-read	8/29/2021			8/29/2021
Black Butler, Vol. 1	Yana Toboso					9780316080842	paperback	read	12/31/2018			12/31/2018
The Melancholy of Resistance	László Krasznahorkai					9780811215046	paperback	to-read	1/10/2021			1/10/2021
The End of Ice: Bearing Witness and Finding Meaning in the Path of Climate Disruption	Dahr Jamail					9781620972342	hardcover	to-read	1/16/2021			1/16/2021
Poems and Fragments	Pamela Gordon, Stanley Lombardo, Sappho							to-read	1/6/2021			1/6/2021
The Soul of a New Machine	Tracy Kidder							to-read	9/7/2021			9/7/2021
Persepolis: The Story of a Childhood	Marjane Satrapi					9780375422300	hardcover	to-read	1/6/2021			1/6/2021
In Defense of Food: An Eater's Manifesto	Michael Pollan					9781594133329	paperback	to-read	1/6/2021			1/6/2021
Fast Food Nation: The Dark Side of the All-American Meal	Eric Schlosser					9780061838682	paperback	to-read	1/6/2021			1/6/2021
Her Body and Other Parties	Carmen Maria Machado	Female	American	USA	english	9781555977887	paperback	read	2/25/2021	9/25/2021	9/25/2021	9/25/2021
Moby-Dick or, the Whale	Herman Melville						paperback	to-read	1/6/2021			1/6/2021
The Quickest Kid in Clarksville	Pat Zietlow Miller					9781452129365	hardcover	read	3/28/2016			3/28/2016
Ninefox Gambit	Yoon Ha Lee						audio	to-read	1/5/2021			1/5/2021
Aesop's Fables	Aesop					9781984921475	paperback	to-read	1/6/2021			1/6/2021
The Caves of Steel	Isaac Asimov					9780586008355	paperback	to-read	5/19/2021			5/19/2021
Elena Vanishing	Elena Dunkle, Clare B. Dunkle							read	9/8/2015	9/8/2015	9/8/2015	9/8/2015
Growth: From Microorganisms to Megacities	Vaclav Smil							to-read	1/26/2021			1/26/2021
DAO de Jing: A Philosophical Translation	Roger T. Ames, Lao Tzu, David Hall							to-read	5/19/2021			5/19/2021
Putin's People: How the KGB Took Back Russia and Then Took On the West	Catherine Belton					9780374712785		to-read	12/23/2021			12/23/2021
Research Design: Qualitative, Quantitative, and Mixed Methods Approaches	J. David Creswell, John W. Creswell					9781506386706	paperback	to-read	11/4/2021			11/4/2021
Laziness Does Not Exist	Devon Price					9781982140106	hardcover	to-read	11/4/2021			11/4/2021
Voice of the Earth: An Exploration of Ecopsychology	Theodore Roszak					9781890482800	paperback	to-read	1/16/2021			1/16/2021
The Abolition of Work & Other Essays	Bob Black							to-read	11/4/2021			11/4/2021
Darth Plagueis	James Luceno					9780099542643	paperback	to-read	12/30/2018			12/30/2018
Alas, Babylon	Pat Frank					9781511325615	audio	to-read	1/6/2021			1/6/2021
War Is a Force That Gives Us Meaning	Chris Hedges							to-read	1/16/2021			1/16/2021
On a Red Station, Drifting	Aliette de Bodard					9780956392459	hardcover	to-read	1/5/2021			1/5/2021
Biology for Dummies	Donna Rae Siegfried							to-read	11/4/2021			11/4/2021
Water for Elephants	Sara Gruen					9780006391555	paperback	to-read	1/6/2021			1/6/2021
Crime and Punishment	Fyodor Dostoyevsky					9780192833839	paperback	to-read	1/6/2021			1/6/2021
The Complete Poems	Catullus, Guy Lee							to-read	1/6/2021			1/6/2021
A Field Guide to Climate Anxiety: How to Keep Your Cool on a Warming Planet	Sarah Jaquette Ray					9780520343306	paperback	to-read	1/26/2021			1/26/2021
Lean Logic: A Dictionary for the Future and How to Survive It	David Fleming					9781603586481	hardcover	to-read	1/19/2021			1/19/2021
We Are Bellingcat: Global Crime, Online Sleuths, and the Bold Future of News	Eliot Higgins					9781635577303	hardcover	to-read	12/23/2021			12/23/2021
Nature Obscura: A City's Hidden Natural World	Kelly Brenner							to-read	1/6/2021			1/6/2021
Palace of Stone	Shannon Hale							read	9/21/2012			9/21/2012
Fablehaven	Brandon Mull					9781417793280		read	6/16/2012			6/16/2012
Harry Potter and the Prisoner of Azkaban	J.K. Rowling					9781551922461	hardcover	read	6/16/2012			6/16/2012
Cry of the Kalahari	Delia Owens, Mark Owens					9780395647806	paperback	to-read	1/6/2021			1/6/2021
World War Z: An Oral History of the Zombie War	Max Brooks						paperback	read	7/23/2021			7/23/2021
Tracing Stars	Erin E. Moulton					9780142426531	paperback	read	6/19/2012			6/19/2012
The Diary of a Young Girl	Anne Frank					9780141315195	paperback	to-read	1/6/2021			1/6/2021
All We Can Save: Truth, Courage, and Solutions for the Climate Crisis	Ayana Elizabeth Johnson, Katharine K. Wilkinson					9780593237069	hardcover	to-read	1/31/2021			1/31/2021
Discourse on Method	Donald A. Cress, René Descartes							to-read	5/19/2021			5/19/2021
Deathless Divide	Justina Ireland					9780062570642	paperback	to-read	1/5/2021			1/5/2021
Once Upon a Curse	E.D. Baker							read	6/16/2012			6/16/2012
The Owl Keeper	Christine Brodien-Jones					9780385738156	paperback	read	6/16/2012			6/16/2012
Breaking the Alabaster Jar: Conversations with Li-Young Lee	Li-Young Lee					9781929918829	paperback	to-read	1/14/2021			1/14/2021
Cod: A Biography of the Fish that Changed the World	Mark Kurlansky					9780099268703	paperback	to-read	1/6/2021			1/6/2021
One for the Murphys	Lynda Mullaly Hunt					9780142426524	paperback	read	6/16/2012	6/16/2012	6/16/2012	6/16/2012
Drama	Raina Telgemeier					9780606267380		read	12/31/2018			12/31/2018
The Long Game: How the Chinese Negotiate with India	Vijay Gokhale					9780670095605	hardcover	to-read	12/23/2021			12/23/2021
Merchants of Doubt: How a Handful of Scientists Obscured the Truth on Issues from Tobacco Smoke to Global Warming	Naomi Oreskes, Erik M. Conway							currently-reading	2/25/2021			2/25/2021
Deaf Republic: Poems	Ilya Kaminsky					9781555978310	paperback	to-read	8/29/2021			8/29/2021
The Overstory	Richard Powers					9780393356687	paperback	to-read	1/6/2021			1/6/2021
The Princess Bride	William Goldman					9780544177222	digital	to-read	1/6/2021			1/6/2021
World War in Syria: Global Conflict on Middle Eastern Battlefields	A.B. Abrams					9781949762464	paperback	to-read	12/25/2021			12/25/2021
On Grief and Grieving: Finding the Meaning of Grief Through the Five Stages of Loss	David Kessler, Elisabeth Kübler-Ross							to-read	1/16/2021			1/16/2021
Ancillary Mercy	Ann Leckie					9781478936312	audio	to-read	1/5/2021			1/5/2021
The Old Social Classes & The Revolutionary Movement In Iraq: A Study of Iraq's Old Landed and Commercial Classes and of its Communists, Ba'thists and Free Officers	Hanna Batatu							to-read	12/4/2021			12/4/2021
Culture and Imperialism	Edward W. Said							to-read	10/24/2021			10/24/2021
The Ten Princes: Dandin's Dasha-Kumara-Charita	Dandin, Arthur W. Ryder					9781258958381	hardcover	to-read	1/6/2021			1/6/2021
Deng Xiaoping and the Transformation of China	Ezra F. Vogel							to-read	12/25/2021			12/25/2021
Endgame, Vol. 1: The Problem of Civilization	Derrick Jensen							to-read	1/6/2021			1/6/2021
Data Visualization: A Practical Introduction	Kieran Healy							to-read	4/9/2021			4/9/2021
Our Final Warning: Six Degrees of Climate Emergency	Mark Lynas					9780008308575	paperback	to-read	1/16/2021			1/16/2021
Erosion: Essays of Undoing	Terry Tempest Williams					9780374280062	hardcover	to-read	10/8/2021			10/8/2021
Wonderful Life: The Burgess Shale and the Nature of History	Stephen Jay Gould					9780393027051	hardcover	to-read	1/6/2021			1/6/2021
The Seneca Effect: Why Growth Is Slow But Collapse Is Rapid	Ugo Bardi					9783319861036	paperback	to-read	1/16/2021			1/16/2021
The Limits to Growth	Donella H. Meadows, Dennis L. Meadows, William W. Behrens III, Jørgen Randers							read	1/16/2021			1/16/2021
R for Data Science: Import, Tidy, Transform, Visualize, and Model Data	Garrett Grolemund, Hadley Wickham							to-read	4/9/2021			4/9/2021
The Little Homo Sapiens Scientist	S.L. Huang							to-read	1/5/2021			1/5/2021
女将军和长公主 | Female General and Eldest Princess	请君莫笑						digital	to-read	8/29/2021			8/29/2021
A Long Way Gone: Memoirs of a Boy Soldier	Ishmael Beah					9780374105235	hardcover	to-read	1/6/2021			1/6/2021
The Hungry Brain: Outsmarting the Instincts That Make Us Overeat	Shizuka N. Aoki, Stephan Guyenet							to-read	12/15/2021			12/15/2021
The Transparency of Evil: Essays in Extreme Phenomena	Baddeley J. St. John, Jean Baudrillard							to-read	1/16/2021			1/16/2021
Elena	Bill VanPatten					9781720813767	paperback	to-read	1/24/2021			1/24/2021
Chaos Under Heaven: Trump, XI, and the Battle for the Twenty-First Century	Josh Rogin					9780358393245	hardcover	to-read	12/23/2021			12/23/2021
Lolita	Vladimir Nabokov							to-read	1/6/2021			1/6/2021
Perramus: The City and Oblivion	Juan Sasturain, Alberto Breccia					9781683962908	hardcover	to-read	10/18/2021			10/18/2021
The Catcher in the Rye	J.D. Salinger					9780316769174	paperback	read	12/30/2018			12/30/2018
The Scarlet Letter	Nathaniel Hawthorne					9781517537258	paperback	read	12/30/2018			12/30/2018
Gods of Jade and Shadow	Silvia Moreno-Garcia					9781529414578	audio	to-read	2/25/2021			2/25/2021
Understanding the F-Word: American Fascism and the Politics of Illusion	David McGowan					9780595186402	paperback	to-read	1/6/2021			1/6/2021
The Prepper's Pocket Guide: 101 Easy Things You Can Do to Ready Your Home for a Disaster	Bernie Carr					9781569759295	paperback	to-read	1/19/2021			1/19/2021
Harry Potter and the Half-Blood Prince	J.K. Rowling					9780747581086	hardcover	read	6/16/2012			6/16/2012
The Hitchhiker's Guide to the Galaxy	Douglas Adams					9781615596041	paperback	read	12/31/2018			12/31/2018
This Civilisation is Finished: Conversations on the end of Empire - and what lies beyond	Rupert Read, Samuel Alexander					9780994282835	paperback	to-read	1/16/2021			1/16/2021
Lao-Tze's Tao-Teh-King						9781371648732	paperback	to-read	9/7/2021			9/7/2021
The Hot Zone: The Terrifying True Story of the Origins of the Ebola Virus	Richard Preston					9780385495226	paperback	to-read	1/6/2021			1/6/2021
Where There Is No Animal Doctor	Maureen Birmingham, Peter N. Quesenberry					9781886532458	paperback	to-read	1/19/2021			1/19/2021
Dead Man Working	Peter Fleming, Carl Cederstrom					9781780991566	paperback	to-read	11/4/2021			11/4/2021
Ahsoka	E.K. Johnston					9781484782316	paperback	to-read	12/30/2018			12/30/2018
The Dissertation Warrior: The Ultimate Guide to Being the Kind of Person Who Finishes a Doctoral Dissertation or Thesis	Guy E. White							to-read	11/4/2021			11/4/2021
Politics and the English Language	George Orwell							to-read	12/15/2021			12/15/2021
Behind Enemy Lies: War, News and Chaos in the Middle East	Patrick Cockburn					9781839760426	digital	to-read	12/25/2021			12/25/2021
The Limits to Growth Revisited	Ugo Bardi					9781441994158	paperback	read	1/6/2021			1/6/2021
True Names... and Other Dangers	Vernor Vinge							to-read	9/7/2021			9/7/2021
The Epic of Gilgamesh	Anonymous					9780140447217	paperback	to-read	1/6/2021			1/6/2021
Beyond the Limits: Confronting Global Collapse, Envisioning a Sustainable Future	Donella H. Meadows, Dennis L. Meadows, Jørgen Randers							to-read	1/16/2021			1/16/2021
The Gilda Stories	Jewelle L. Gómez							to-read	1/5/2021			1/5/2021
Hillary Rodham Clinton: Do All the Good You Can	Cynthia Levinson					9780062387301	hardcover	read	1/30/2016	1/30/2016	1/30/2016	1/30/2016
The Web of Meaning: Integrating Science and Traditional Wisdom to Find Our Place in the Universe	Jeremy Lent					9780865719545	hardcover	to-read	2/24/2021			2/24/2021
The Diversity of Life	Edward O. Wilson					9780393319408	paperback	to-read	1/6/2021			1/6/2021
Letters from a Stoic	Seneca					9780141914527	digital	to-read	1/6/2021			1/6/2021
The Da Vinci Code	Dan Brown					9780552161275	paperback	to-read	1/6/2021			1/6/2021
A Paradise Built in Hell: The Extraordinary Communities That Arise in Disaster	Rebecca Solnit					9781522665700	audio	to-read	1/19/2021			1/19/2021
The Sound of a Wild Snail Eating	Elisabeth Tova Bailey					9781616206420	paperback	to-read	1/10/2021			1/10/2021
Hatchet	Gary Paulsen					9781416936473	paperback	to-read	1/19/2021			1/19/2021
The Guns of August	Barbara W. Tuchman					9781452651408	audio	to-read	1/6/2021			1/6/2021
Invisible Monsters	Joshua McCune							read	8/10/2015	8/20/2015	8/20/2015	8/20/2015
Ender's Game	Orson Scott Card					9781904233022	paperback	read	4/22/2013			4/22/2013
Schizoid Phenomena, Object Relations and the Self	Harry Guntrip					9780367324773	hardcover	to-read	1/24/2021			1/24/2021
Requiem for a Species	Clive Hamilton					9781849710817	hardcover	to-read	1/16/2021			1/16/2021
Cadillac Desert: The American West and Its Disappearing Water	Marc Reisner							to-read	1/6/2021			1/6/2021
Fundamentals of Data Visualization: A Primer on Making Informative and Compelling Figures	Claus O Wilke	Male	American	Germany	english			read	4/9/2021	4/9/2021	4/9/2021	4/9/2021
Warchild	Karin Lowachee							to-read	1/5/2021			1/5/2021
Marine Protected Areas for Whales, Dolphins and Porpoises: A World Handbook for Cetacean Habitat Conservation and Planning	Erich Hoyt					9781844077632	paperback	to-read	1/6/2021			1/6/2021
Homegoing	Yaa Gyasi	Female	Ghanaian American	Ghana	english	9781101971062	paperback	read	8/29/2021	8/30/2021	2021/08/29-2021/08/30	8/30/2021
Notes from an Apocalypse: A Personal Journey to the End of the World and Back	Mark O'Connell							to-read	1/16/2021			1/16/2021
Dirt: The Erosion of Civilizations	David R. Montgomery							to-read	1/6/2021			1/6/2021
The Demon-Haunted World: Science as a Candle in the Dark	Carl Sagan, Ann Druyan	Both	American	USA	english			read	2/17/2021	2/26/2021	2021/02/17-2021/02/26	2/26/2021
Do Androids Dream of Electric Sheep?	Philip K. Dick					9781473222687	paperback	read	12/31/2018	1/5/2019	1/5/2019	1/5/2019
Capitalist Realism: Is There No Alternative?	Mark Fisher					9781846943171	paperback	to-read	1/16/2021			1/16/2021
Holes	Louis Sachar					9780439253222	paperback	to-read	1/6/2021			1/6/2021
Ignorance: How it drives science	Stuart Firestein							to-read	11/4/2021			11/4/2021
The Age of AI and Our Human Future	Daniel Huttenlocher, Henry Kissinger, Eric Schmidt					9780316273800	hardcover	to-read	12/25/2021			12/25/2021
Walden	Henry David Thoreau					9798680230695	paperback	to-read	1/6/2021			1/6/2021
Debt: The First 5,000 Years	David Graeber							to-read	11/6/2021			11/6/2021
The Handmaid's Tale	Margaret Atwood					9780099740919	paperback	to-read	1/5/2021			1/5/2021
Meditations	Marcus Aurelius, George Long					9785519253536	paperback	to-read	1/6/2021			1/6/2021
Why We Sleep: Unlocking the Power of Sleep and Dreams	Matthew Walker							to-read	12/15/2021			12/15/2021
Dark Fire	Chris d'Lacey							read	10/29/2018			10/29/2018
The Metamorphosis	Franz Kafka						paperback	read	1/6/2021			1/6/2021
The Agricola and The Germania	Tacitus					9781420964776	paperback	to-read	1/6/2021			1/6/2021
Manifesto against Labour	Gruppe Krisis							to-read	11/4/2021			11/4/2021
Big Dead Place: Inside the Strange and Menacing World of Antarctica	Nicholas Johnson					9780922915996	paperback	to-read	1/6/2021			1/6/2021
The C Programming Language	Brian W. Kernighan, Dennis M. Ritchie	Male	Canadian	Canada	english			read	4/9/2021	4/29/2021	2021/03/27-2021/04/29	4/29/2021
The White Steamship	Chingiz Aitmatov, T. Feifer							to-read	8/29/2021			8/29/2021
Pilgrim	Timothy Findley							to-read	10/18/2021			10/18/2021
The Prepper's Water Survival Guide: Harvest, Treat, and Store Your Most Vital Resource	Daisy Luther					9781612434483	paperback	to-read	1/19/2021			1/19/2021
The Giving Tree	Shel Silverstein							read	1/6/2021			1/6/2021
Inside Terrorism	Bruce Hoffman							to-read	12/25/2021			12/25/2021
Dracula	Bram Stoker					9781498070294	paperback	to-read	1/6/2021			1/6/2021
The Problem with Work: Feminism, Marxism, Antiwork Politics, and Postwork Imaginaries	Kathi Weeks							to-read	11/4/2021			11/4/2021
The Sea-Ringed World: Sacred Stories of the Americas	María García Esperón					9781646140152	hardcover	to-read	9/7/2021			9/7/2021
Terrorist Assemblages: Homonationalism in Queer Times	Jasbir K. Puar							to-read	10/24/2021			10/24/2021
Eating Animals	Jonathan Safran Foer					9780141031934	paperback	to-read	1/6/2021			1/6/2021
The Way and Its Power: Lao Tzu's Tao Te Ching and Its Place in Chinese Thought	Lao Tzu					9780802150851	paperback	to-read	9/7/2021			9/7/2021
Wuthering Heights	Emily Brontë					9798694187763	paperback	to-read	1/6/2021			1/6/2021
Eragon	Christopher Paolini					9789022561713	paperback	read	1/6/2021			1/6/2021
Too Big to Fail: The Inside Story of How Wall Street and Washington Fought to Save the Financial System from Crisis — and Themselves	Andrew Ross Sorkin							to-read	1/6/2021			1/6/2021
The Dragons of Noor	Janet Lee Carey							read	6/16/2012			6/16/2012
Lord of the Flies	William Golding					9780571084838	paperback	read	1/6/2021			1/6/2021
Frontier Grit: The Unlikely True Stories of Daring Pioneer Women	Marianne Monson					9781504741972	audio	read	12/30/2018			12/30/2018
The Future Earth: A Radical Vision for What's Possible in the Age of Warming	Eric Holthaus							to-read	1/16/2021			1/16/2021
The Subtle Art of Not Giving a #@%!: A Counterintuitive Approach to Living a Good Life	Mark Manson					9780062884022	hardcover	to-read	11/7/2021			11/7/2021
Cradle to Cradle: Remaking the Way We Make Things	Michael Braungart, William McDonough							to-read	1/6/2021			1/6/2021
Spillover: Animal Infections and the Next Human Pandemic	David Quammen					9780393346619	paperback	to-read	12/23/2021			12/23/2021
Into the Wild	Jon Krakauer					9780613033572		to-read	1/6/2021			1/6/2021
Breaking Dawn	Stephenie Meyer					9780316032834	digital	read	6/16/2012			6/16/2012
Lagoon	Nnedi Okorafor					9781444762761	paperback	to-read	1/5/2021			1/5/2021
Born a Crime: Stories From a South African Childhood	Trevor Noah					9780385689229	hardcover	to-read	11/7/2021			11/7/2021
The Limits to Growth: The 30-Year Update	Donella H. Meadows, Dennis L. Meadows, Jørgen Randers							to-read	1/6/2021			1/6/2021
Genome: the Autobiography of a Species in 23 Chapters	Matt Ridley							to-read	1/6/2021			1/6/2021
The Man Who Mistook His Wife for a Hat and Other Clinical Tales	Oliver Sacks					9780330294911	paperback	to-read	1/6/2021			1/6/2021
워터십 다운	Richard Adams					9791160944235	paperback	to-read	1/6/2021			1/6/2021
Sofies verden	Jostein Gaarder					9788714193522	paperback	to-read	5/19/2021			5/19/2021
Six Degrees: Our Future on a Hotter Planet	Mark Lynas					9781426203855	paperback	to-read	1/6/2021			1/6/2021
Mother Earth And Other Stories	James Riordan, Chingiz Aitmatov							to-read	8/29/2021			8/29/2021
The Hidden Life of Trees: What They Feel, How They Communicate – Discoveries from a Secret World	Peter Wohlleben					9780008218348	audio	to-read	1/6/2021			1/6/2021
Parallel Lives Vol. 3	Plutarch Plutarch, Plutarch					9781617206634	paperback	to-read	1/6/2021			1/6/2021
Close Calls	Paul Fisher, Stratis Kas, Edoardo Pavia, Michael Menduno						hardcover	to-read	1/24/2021			1/24/2021
The Immortal Life of Henrietta Lacks	Rebecca Skloot					9780330533447	paperback	to-read	1/6/2021			1/6/2021
The Blood Never Dried: A People's History of the British Empire	John Newsinger							to-read	1/6/2021			1/6/2021
Dragonswood	Janet Lee Carey							read	6/16/2012			6/16/2012
Dragon Keeper	Carole Wilkinson					9781742032450	paperback	read	6/16/2012			6/16/2012
The Demon-Haunted World: Science as a Candle in the Dark	Carl Sagan					9781531888206	audio	to-read	1/6/2021			1/6/2021
Oryx and Crake	Margaret Atwood					9781844080281	paperback	to-read	1/19/2021			1/19/2021
Catch-22	Joseph Heller					9786045393154	paperback	to-read	1/6/2021			1/6/2021
The Perennial Turn: Contemporary Essays from the Field	Bill Vitek							to-read	1/14/2021			1/14/2021
Notes on Nationalism	George Orwell						paperback	to-read	12/15/2021			12/15/2021
The Ends of the World: Volcanic Apocalypses, Lethal Oceans, and Our Quest to Understand Earth's Past Mass Extinctions	Peter Brannen					9780062364814	paperback	to-read	1/16/2021			1/16/2021
No Immediate Danger: Volume One of Carbon Ideologies	William T. Vollmann					9780399563492	hardcover	to-read	1/16/2021			1/16/2021
When Nietzsche Wept	Irvin D. Yalom							to-read	5/19/2021			5/19/2021
Les Misérables	Victor Hugo					9798557412186	paperback	read	12/19/2014	10/29/2017	10/29/2017	10/29/2017
The Places in Between	Rory Stewart					9780156031561	paperback	to-read	12/23/2021			12/23/2021
The Lullaby Illusion: A Journey of Awakening	Susan Joyce							to-read	1/6/2021			1/6/2021
The Vaccine: Inside the Race to Conquer the COVID-19 Pandemic	Ugur Sahin, Özlem Türeci, Joe Miller					9781250280374	digital	to-read	12/23/2021			12/23/2021
Paper Girls, Vol. 2	Brian K. Vaughan					9781534301733	digital	read	12/31/2018			12/31/2018
The Essential Tao	Thomas Cleary, Lao Tzu, Zhuangzi							to-read	5/19/2021			5/19/2021
American Earth: Environmental Writing Since Thoreau	Bill McKibben							to-read	1/6/2021			1/6/2021
A Tree Grows in Brooklyn	Betty Smith					9780061650499	audio	to-read	1/6/2021			1/6/2021
The Dead-Tossed Waves	Carrie Ryan					9780575090903	paperback	read	8/11/2012			8/11/2012
The Thief	Megan Whalen Turner					9780062642967	paperback	to-read	1/21/2021			1/21/2021
China's Western Horizon: Beijing and the New Geopolitics of Eurasia	Daniel Markey					9780190680190	hardcover	to-read	12/23/2021			12/23/2021
Ethiopia and Eritrea: Insights into the Peace Nexus						9781599072326	hardcover	to-read	12/25/2021			12/25/2021
Why Spy?: On the Art of Intelligence (Intelligence and Security)	Samantha Newbery, Brian T.W. Stewart							to-read	12/23/2021			12/23/2021
Jamilia	James Riordan, Chingiz Aitmatov							to-read	8/29/2021			8/29/2021
The Collapse of Complex Societies	Joseph A. Tainter						digital	to-read	12/15/2021			12/15/2021
Antarctica on a Plate	Alexa Thomson					9781743170144	audio	to-read	1/6/2021			1/6/2021
The Dispossessed	Ursula K. Le Guin					9780060512750	paperback	to-read	1/25/2021			1/25/2021
The Checklist Manifesto: How to Get Things Right	Atul Gawande					9780805091748	hardcover	to-read	11/4/2021			11/4/2021
The Beast of Noor	Janet Lee Carey					9780689876448	hardcover	read	6/16/2012			6/16/2012
The Diary of a Young Girl	Anne Frank					553296981	paperback	to-read	11/7/2021			11/7/2021
Metamorphoses	Ovid					9781433213243	audio	to-read	1/6/2021			1/6/2021
LikeWar: The Weaponization of Social Media	Emerson T. Brooking, P.W. Singer							to-read	12/25/2021			12/25/2021
The Demolished Man	Alfred Bester							to-read	12/31/2018			12/31/2018
Unsettled Ground: The Whitman Massacre and Its Shifting Legacy in the American West	Cassandra Tate					9781632172501	hardcover	to-read	1/6/2021			1/6/2021
Beyond Hope: Letting Go of a World in Collapse	Deb Ozarko					9780994984555	paperback	to-read	1/16/2021			1/16/2021
The Future Of Life	Edward O. Wilson							to-read	1/16/2021			1/16/2021
Haboo: Native American Stories from Puget Sound	Ron Hilbert, V.I. Hilbert, Thom Hess							to-read	9/7/2021			9/7/2021
This Changes Everything: Capitalism vs. The Climate	Naomi Klein					9781451697384	hardcover	to-read	1/6/2021			1/6/2021
Xenocide	Orson Scott Card					9781427227898	audio	read	12/31/2018			12/31/2018
The Aeneid	Virgil					9781722989934	paperback	to-read	1/6/2021			1/6/2021
The Autobiography of Malcolm X	Malcolm X					9780808501480		to-read	1/6/2021			1/6/2021
Mountains of Madness: A Scientist's Odyssey in Antarctica	Tim Bowden, John A. Long							to-read	1/6/2021			1/6/2021
Anya's Ghost	Vera Brosgol					9781596437135	hardcover	read	12/31/2018			12/31/2018
The Song of the Dodo: Island Biogeography in an Age of Extinctions	David Quammen							to-read	1/6/2021			1/6/2021
Anne of Green Gables	L.M. Montgomery					9786257923453	paperback	to-read	1/6/2021			1/6/2021
Essays by Ralph Waldo Emerson	Ralph Waldo Emerson					9781455154180	audio	read	3/24/2015	4/8/2016	4/8/2016	4/8/2016
The Chronicles of Narnia	C.S. Lewis					9781435117150		read	1/6/2021			1/6/2021
Of Orcas and Men: What Killer Whales Can Teach Us	David Neiwert					9781468313024	paperback	did-not-finish	12/30/2018			12/30/2018
The Society of the Spectacle	Guy Debord					9780942299793	paperback	to-read	1/16/2021			1/16/2021
Lao Tzu : Tao Te Ching : A Book About the Way and the Power of the Way	Lao Tzu							to-read	5/19/2021			5/19/2021
The Story of My Life	Helen Keller					9781512092974	paperback	to-read	1/6/2021			1/6/2021
The Republic	Plato					9781499617788	paperback	to-read	1/6/2021			1/6/2021
Braiding Sweetgrass: Indigenous Wisdom, Scientific Knowledge, and the Teachings of Plants	Robin Wall Kimmerer					9781571313355	hardcover	to-read	1/6/2021			1/6/2021
I Know Why the Caged Bird Sings	Maya Angelou					9780349005997	hardcover	to-read	1/6/2021			1/6/2021
Prisoners of Geography: Ten Maps That Tell You Everything You Need to Know About Global Politics	Tim Marshall							to-read	11/7/2021			11/7/2021
The Time Machine	Werner Sedlak, H.G. Wells						paperback	to-read	12/31/2018			12/31/2018
Lee Kuan Yew: The Grand Master's Insights on China, the United States, and the World	Graham Allison, Ali Wyne, Robert D. Blackwill					9780262019125	hardcover	to-read	12/23/2021			12/23/2021
The Tale of Genji	Murasaki Shikibu					9781479366071	paperback	to-read	1/6/2021			1/6/2021
The Great Covid Panic: What Happened, Why, and What To Do Next	Michael Baker, Gigi Foster, Paul Frijters					9781630692773	paperback	to-read	12/23/2021			12/23/2021
The Hacker and the State: Cyber Attacks and the New Normal of Geopolitics	Ben Buchanan					9780674987555	hardcover	to-read	12/25/2021			12/25/2021
Silent Spring	Rachel Carson					9780618253050	hardcover	read	1/6/2021			1/6/2021
The Last Lecture	Randy Pausch	Male	American	USA	english	9781401391447	audio	read	1/14/2021	1/14/2021	1/14/2021	1/14/2021
Taoism: The Parting of the Way	Holmes H. Welch							to-read	9/7/2021			9/7/2021
Edible Wild Plants: A North American Field Guide to Over 200 Natural Foods	Peter Dykeman, Thomas Elias					9781402767159	paperback	to-read	1/19/2021			1/19/2021
Beyond the War on Invasive Species: A Permaculture Approach to Ecosystem Restoration	Tao Orion					9781603585637	paperback	to-read	12/15/2021			12/15/2021
Russians: The People Behind the Power	Gregory Feifer							to-read	12/23/2021			12/23/2021
The Hunger Games	Suzanne Collins					9780545229937	digital	read	6/16/2012			6/16/2012
Better Never to Have Been: The Harm of Coming into Existence	David Benatar							to-read	1/16/2021			1/16/2021
How to Avoid a Climate Disaster: The Solutions We Have and the Breakthroughs We Need	Bill Gates					9780385546133	hardcover	to-read	1/16/2021			1/16/2021
Bioinformatics Algorithms: An Active Learning Approach	Phillip Compeau, Pavel Pevzner							to-read	11/4/2021			11/4/2021
The Unsettling of America: Culture and Agriculture	Wendell Berry							to-read	1/6/2021			1/6/2021
The Glass Castle	Jeannette Walls					9781844081813	hardcover	read	12/30/2018			12/30/2018
The Design of Everyday Things	Donald A. Norman					9780465067107	paperback	to-read	11/4/2021			11/4/2021
Ulysses	James Joyce					9781978219366	paperback	to-read	1/6/2021			1/6/2021
Viral: The Search for the Origin of Covid-19	Matt Ridley, Alina Chan					9780063139121	hardcover	to-read	12/23/2021			12/23/2021
The New Heretics: Understanding the Conspiracy Theories Polarizing the World	Andy Thomas					9781786785763		to-read	12/25/2021			12/25/2021
Historias de diván: Ocho relatos de vida	Gabriel Rolón							to-read	1/24/2021			1/24/2021
The Goose Girl	Shannon Hale					9781582349909	paperback	read	6/16/2012			6/16/2012
Lo–Tek: Design by Radical Indigenism	Julia Watson							to-read	12/15/2021			12/15/2021
The Unlikely Peace at Cuchumaquic: The Parallel Lives of People as Plants: Keeping the Seeds Alive	Martin Prechtel							to-read	12/15/2021			12/15/2021
The Complete Medicinal Herbal: A Practical Guide to the Healing Properties of Herbs, with More Than 250 Remedies for Common Ailments	Penelope Ody							to-read	1/19/2021			1/19/2021
The Hate U Give	Angie Thomas					9781406387933	paperback	read	12/31/2018	4/9/2021	4/9/2021	4/9/2021
Smile	Raina Telgemeier					9780545132053	hardcover	read	12/31/2018			12/31/2018
Omniscient Reader's Viewpoint	Sing-Shong	Both	Korean	South Korea	korean		digital	read	7/23/2021	7/22/2021	2021/07/08-2021/07/22	7/23/2021
Sea Power: The History and Geopolitics of the World's Oceans	James G. Stavridis							to-read	12/27/2021			12/27/2021
The Professor and the Madman: A Tale of Murder, Insanity and the Making of the Oxford English Dictionary	Simon Winchester	Male	British	UK	english	9780060994860	paperback	read	10/9/2021	10/8/2021	10/8/2021	10/9/2021
Heaven Official's Blessing	Mo Xiang Tong Xiu	Female	Chinese	China	chinese		digital	read	4/9/2021	3/30/2021	3/30/2021	4/9/2021
The Book Thief	Markus Zusak					9780375842207	paperback	to-read	1/6/2021			1/6/2021
The Sea Around Us	Rachel Carson					9780190906764	paperback	to-read	1/6/2021			1/6/2021
Brilliant Imperfection: Grappling with Cure	Eli Clare					9780822362876	paperback	to-read	1/5/2021			1/5/2021
Python Data Science Handbook: Essential Tools for Working with Data	Jake Vanderplas					9781491912058	paperback	to-read	4/9/2021			4/9/2021
The Lost Spells	Jackie Morris, Robert Macfarlane						hardcover	to-read	2/24/2021			2/24/2021
When the Shoe Fits: Stories of the Taoist Mystic Chuang Tzu	Osho	Male	Indian	India	english	9781842930854	paperback	read	7/23/2021	9/11/2021	2021/07/23-2021/09/11	9/11/2021
Parable of the Talents	Octavia E. Butler	Female	African American	USA	english	9781538732199	paperback	read	1/5/2021	1/10/2021	1/10/2021	1/10/2021
Decolonizing Methodologies: Research and Indigenous Peoples	Linda Tuhiwai Smith					9781856496247	paperback	to-read	9/7/2021			9/7/2021
Tentacle	Achy Obejas, Rita Indiana							to-read	8/30/2021			8/30/2021
The Last Girl Scout	Natalie Ironside					9798552114658	paperback	to-read	1/5/2021			1/5/2021
Fences	August Wilson					9780573619052	paperback	read	12/30/2018			12/30/2018
A Memory Called Empire	Arkady Martine						digital	to-read	1/5/2021			1/5/2021
There Is No Planet B: A Handbook for the Make or Break Years	Mike Berners-Lee					9781108439589	paperback	to-read	1/16/2021			1/16/2021
My Sister, the Serial Killer	Oyinkan Braithwaite					9780385544238	hardcover	to-read	10/18/2021			10/18/2021
Beef, Bible and Bullets: Brazil in the Age of Bolsonaro	Richard Lapper					9781526149015	hardcover	to-read	12/25/2021			12/25/2021
Tao Te Ching	Jane English, Lao Tzu, Toinette Lippe, Jacob Needleman, Gia-Fu Feng							to-read	5/19/2021			5/19/2021
How to Read a Book: The Classic Guide to Intelligent Reading	Mortimer J. Adler, Charles Van Doren							to-read	11/4/2021			11/4/2021
Lord of the Butterflies	Andrea Gibson							to-read	2/25/2021			2/25/2021
The Brothers Karamazov	Fyodor Dostoyevsky					9781492187714	paperback	to-read	1/6/2021			1/6/2021
Little Bets: How Breakthrough Ideas Emerge from Small Discoveries	Peter Sims					9781452603933	audio	to-read	11/4/2021			11/4/2021
River Town: Two Years on the Yangtze	Peter Hessler					9780060855024	paperback	to-read	1/6/2021			1/6/2021
A Life on Our Planet: My Witness Statement and a Vision for the Future	David Attenborough					9781538719985	hardcover	to-read	2/24/2021			2/24/2021
Bad Blood: Secrets and Lies in a Silicon Valley Startup	John Carreyrou					9781509868087	paperback	to-read	1/6/2021			1/6/2021
Dragons of Eden: Speculations on the Evolution of Human Intelligence	Carl Sagan							to-read	1/6/2021			1/6/2021
Te-Tao Ching: A New Translation Based on the Recently Discovered Ma-wang-tui Texts	Lao Tzu, Robert G. Henricks							to-read	9/7/2021			9/7/2021
Girls of Paper and Fire	Natasha Ngan					9781473692213	digital	to-read	1/5/2021			1/5/2021
Born in Blackness: Africa, Africans, and the Making of the Modern World, 1471 to the Second World War	Howard W. French					9781631495823	hardcover	to-read	12/25/2021			12/25/2021
Guns, Germs, and Steel: The Fates of Human Societies	Jared Diamond					9780393354324	paperback	to-read	1/6/2021			1/6/2021
Sustainable Energy - Without the Hot Air	David J.C. MacKay							to-read	1/6/2021			1/6/2021
Loosed upon the World: The Saga Anthology of Climate Fiction	John Joseph Adams, Vandana Singh, Jean-Louis Trudel, Nancy Kress, Tobias S. Buckell, Craig DeLancey, Cat Sparks, Chen Qiufan, Chris Bachelder, Karl Schroeder, Gregory Benford, Jason Gurley, Jim Shepard, Margaret Atwood, Carmen Yiling Yan, Sean McMullen, Seanan McGuire, Robert Silverberg, Sarah Castle, Charlie Jane Anders, Toiya Kristen Finley, Alan Dean Foster, Ken Liu, Angela Penrose, Paolo Bacigalupi, Kim Stanley Robinson, Nicole Feldringer							to-read	8/29/2021			8/29/2021
Improvised Medicine: Providing Care in Extreme Environments	Kenneth V. Iserson					9780071754972	paperback	to-read	1/19/2021			1/19/2021
Dirt Bikes, Drones, and Other Ways to Fly	Conrad Wesselhoeft					9780544542617	paperback	read	2/23/2016	2/23/2016	2/23/2016	2/23/2016
Viking's Kurdish Love: Zoroastrians' Fight for Survival	Widad Akreyi					9788284050331	paperback	to-read	1/6/2021			1/6/2021
Sapiens: A Brief History of Humankind	Yuval Noah Harari						paperback	to-read	11/7/2021			11/7/2021
Vaxxers: The Inside Story of the Oxford AstraZeneca Vaccine and the Race Against the Virus	Catherine Green, Sarah Gilbert					9781529369892	digital	to-read	12/23/2021			12/23/2021
Love in Colour: Mythical Tales from Around the World, Retold	Bolu Babalola	Female	British Nigerian	UK	english	9781472268860	hardcover	read	2/25/2021	8/27/2021	8/27/2021	8/27/2021
Smoketown	Tenea D. Johnson							to-read	1/5/2021			1/5/2021
Deep Survival: Who Lives, Who Dies, and Why	Laurence Gonzales					9780393353716	paperback	to-read	1/19/2021			1/19/2021
Dawn of the Jedi: Into the Void	Tim Lebbon					9780345541932	hardcover	read	12/30/2018			12/30/2018
The Shock of the Anthropocene: The Earth, History and Us	Christophe Bonneuil, David Fernbach, Jean-Baptiste Fressoz							to-read	1/16/2021			1/16/2021
Dumb Husky and His White Cat Shizun 二哈和他的白猫师尊	Meatbun Doesn't Eat Meat, 肉包不吃肉							currently-reading	2/17/2021			2/17/2021
Sapiens: A Graphic History: The Birth of Humankind (Vol. 1)	Yuval Noah Harari					9780063055087	hardcover	to-read	10/18/2021			10/18/2021
The Chinese Invasion Threat: Taiwan's Defense and American Strategy in Asia	Ian Easton					9781788691765	paperback	to-read	12/23/2021			12/23/2021
The Apocalypse Factory: Plutonium and the Making of the Atomic Age	Steve Olson					9780393634976	hardcover	to-read	1/6/2021			1/6/2021
Someone Knows My Name	Lawrence Hill					9780393065787	hardcover	to-read	1/6/2021			1/6/2021
On the Beach	Nevil Shute					9781842322765	paperback	to-read	1/12/2021			1/12/2021
Cryptonomicon	Neal Stephenson					9781713576402	audio	to-read	12/31/2018			12/31/2018
The Colour of Magic	Terry Pratchett					9780552166591	paperback	to-read	2/17/2021			2/17/2021
Introduction to Computational Biology: Maps, Sequences and Genomes	Michael S. Waterman					9780412993916	hardcover	to-read	11/4/2021			11/4/2021
The Spell of the Sensuous: Perception and Language in a More-Than-Human World	David Abram							to-read	5/19/2021			5/19/2021
Agroecology Now!: Transformations Towards More Just and Sustainable Food Systems	Colin Ray Anderson, Janneke Bruil, M. Jahi Chappell					9783030613143	hardcover	to-read	1/14/2021			1/14/2021
All the Devils are Here: The Hidden History of the Financial Crisis	Bethany McLean, Joe Nocera							to-read	1/6/2021			1/6/2021
The Unmaking of Arab Socialism	Ali Kadri					9781783084401	hardcover	to-read	12/4/2021			12/4/2021
SAS Survival Handbook, Third Edition: The Ultimate Guide to Surviving Anywhere	John 'Lofty' Wiseman					9780062378071	paperback	to-read	1/19/2021			1/19/2021
Dawn	Octavia E. Butler					9781453263679	digital	to-read	1/5/2021			1/5/2021
A Short History of Nearly Everything	Bill Bryson					9781784161859	paperback	to-read	1/6/2021			1/6/2021
Star's Reach: A Novel Of The Deindustrial Future	John Michael Greer							to-read	1/16/2021			1/16/2021
Bird by Bird: Some Instructions on Writing and Life	Anne Lamott					9780385480017	paperback	to-read	11/4/2021			11/4/2021
What the Most Successful People Do Before Breakfast: A Short Guide to Making Over Your Mornings--and Life	Laura Vanderkam							to-read	11/4/2021			11/4/2021
J.R.R. Tolkien 4-Book Boxed Set: The Hobbit and The Lord of the Rings	J.R.R. Tolkien							read	1/6/2021			1/6/2021
The People's Republic of Walmart: How the World's Biggest Corporations are Laying the Foundation for Socialism	Michal Rozworski, Leigh Phillips							to-read	1/21/2021			1/21/2021
Tending the Wild: Native American Knowledge and the Management of California's Natural Resources	M. Kat Anderson							to-read	12/15/2021			12/15/2021
A Small Farm Future: Making the Case for a Society Built Around Local Economies, Self-Provisioning, Agricultural Diversity, and a Shared Earth	Chris Smaje							to-read	1/14/2021			1/14/2021
In the Vanishers' Palace	Aliette de Bodard					9781625673749	digital	to-read	1/5/2021			1/5/2021
American Gods	Neil Gaiman					9780062472106	paperback	to-read	1/6/2021			1/6/2021
The Left Hand of Darkness	Ursula K. Le Guin					9781473225947	paperback	to-read	12/31/2018			12/31/2018
What Do You Care What Other People Think? Further Adventures of a Curious Character	Richard P. Feynman							to-read	1/6/2021			1/6/2021
This Is How They Tell Me the World Ends: The Cyberweapons Arms Race	Nicole Perlroth					9781635576054	hardcover	to-read	12/25/2021			12/25/2021
How to Write a Lot: A Practical Guide to Productive Academic Writing	Paul J. Silvia					9781433829734	paperback	to-read	11/4/2021			11/4/2021
El corazón de Voltaire	Luis López Nieves							to-read	1/24/2021			1/24/2021
The German Genius: Europe's Third Renaissance, the Second Scientific Revolution, and the Twentieth Century	Peter Watson							to-read	1/6/2021			1/6/2021
El alquimista	Paulo Coelho							to-read	1/24/2021			1/24/2021
Crying in H Mart	Michelle Zauner	Female	Korean American	South Korea	english	9780525657743	hardcover	read	10/9/2021	10/8/2021	10/8/2021	10/9/2021
We Fed an Island: The True Story of Rebuilding Puerto Rico, One Meal at a Time	José Andrés, Richard Wolffe							to-read	7/23/2021			7/23/2021
Deep Economy: The Wealth of Communities and the Durable Future	Bill McKibben							to-read	1/6/2021			1/6/2021
Another Kind of Hurricane	Tamara Ellis Smith					9780553511932	hardcover	read	7/14/2015	7/31/2015	7/31/2015	7/31/2015
The Third Chimpanzee	Jared Diamond					9780060845506	paperback	to-read	1/6/2021			1/6/2021
For the Time Being	Annie Dillard							to-read	11/3/2021			11/3/2021
Atlas Shrugged	Ayn Rand, Leonard Peikoff							to-read	1/6/2021			1/6/2021
There Is Nothing for You Here: Finding Opportunity in the Twenty-First Century	Fiona Hill					9780358578499	audio	to-read	12/25/2021			12/25/2021
Tao Te Ching : A New English Version	Stephen Mitchell, Lao Tzu							to-read	5/19/2021			5/19/2021
Beirut Fragments: A War Memoir	Jean Said Makdisi							to-read	12/23/2021			12/23/2021
Chasing the Prophecy	Brandon Mull					9780606354356		read	5/7/2015	5/7/2015	5/7/2015	5/7/2015
Participating in Nature: Wilderness Survival and Primitive Living Skills	Thomas J. Elpel					9781892784308	paperback	to-read	12/15/2021			12/15/2021
The Princess Bride: S. Morgenstern's Classic Tale of True Love and High Adventure	William Goldman					9780151015443	hardcover	did-not-finish	2/21/2021			2/21/2021
The Beekeeper of Sinjar: Rescuing the Stolen Women of Iraq	Max Weiss, Dunya Mikhail							to-read	9/7/2021			9/7/2021
Fahrenheit 451	Ray Bradbury					9788466345392	hardcover	read	1/6/2021			1/6/2021
Dragon's Breath	E.D. Baker							read	6/16/2012			6/16/2012
Ella Enchanted	Gail Carson Levine					9780007171682	paperback	read	6/16/2012			6/16/2012
La Guerra Sucia	Nathaniel Kirby							to-read	1/24/2021			1/24/2021
Going Dark: The Secret Social Lives of Extremists	Julia Ebner							to-read	12/23/2021			12/23/2021
Permaculture: A Designers' Manual	Reny Mia Slay, Bill Mollison							to-read	1/6/2021			1/6/2021
The Frog Princess	E.D. Baker					9781582349237	paperback	read	6/16/2012			6/16/2012
Nature and Selected Essays	Larzer Ziff, Ralph Waldo Emerson							to-read	1/6/2021			1/6/2021
The Ledger: Accounting for Failure in Afghanistan	Greg Mills, Rory Stewart, David Kilcullen					9781787386952	paperback	to-read	12/23/2021			12/23/2021
COVID-19 in Southeast Asia: Insights for a post-pandemic world	Hyun Bang Shin, Murray McKenzie, Do Young Oh					9781909890763	paperback	to-read	12/23/2021			12/23/2021
All Creatures Great and Small: The Warm and Joyful Memoirs of the World's Most Beloved Animal Doctor	James Herriot					9781559277730	audio	to-read	1/6/2021			1/6/2021
The Long Way to a Small, Angry Planet	Becky Chambers					9781094002125	audio	to-read	1/5/2021			1/5/2021
Atomic Habits: An Easy & Proven Way to Build Good Habits & Break Bad Ones	James Clear					9780735211292	hardcover	to-read	11/7/2021			11/7/2021
When the Rivers Run Dry: The Global Water Crisis and How to Solve It	Fred Pearce							to-read	1/16/2021			1/16/2021
Radical Mycology: A Treatise On Seeing & Working With Fungi	Peter McCoy							to-read	12/15/2021			12/15/2021
How Democracies Die: What History Reveals About Our Future	Steven Levitsky, Daniel Ziblatt					9781524762933	hardcover	to-read	10/23/2021			10/23/2021
When Violence Is the Answer: Learning How to Do What It Takes When Your Life Is at Stake	Tim Larkin					9780316354653	paperback	to-read	1/19/2021			1/19/2021
War in 140 Characters: How Social Media Is Reshaping Conflict in the Twenty-First Century	David Patrikarakos					9780465096145	hardcover	to-read	12/25/2021			12/25/2021
The Rambunctious Garden: Saving Nature in a Post-Wild World	Emma Marris							to-read	1/6/2021			1/6/2021
Falling in Love with Hominids	Nalo Hopkinson					9781616961985	paperback	to-read	1/5/2021			1/5/2021
Ikigai: The Japanese Secret to a Long and Happy Life	Walter Dixon, Francesc Miralles, Hector Garcia Puigcerver							did-not-finish	9/7/2021			9/7/2021
What I Talk About When I Talk About Running	Haruki Murakami					9781846552205	hardcover	to-read	9/7/2021			9/7/2021
Tao Te Ching	Lao Tzu					9780679433163	hardcover	to-read	1/6/2021			1/6/2021
Do Nothing: Inner Peace for Everyday Living: Reflections on Chuang Tzu's Philosophy	Siroj Sorajjakool					9781599471532	hardcover	to-read	7/23/2021			7/23/2021
Devine Intervention	Martha Brockenbrough							read	6/21/2012			6/21/2012
The Joy Luck Club	Amy Tan					9780143124849	hardcover	read	1/6/2021			1/6/2021
The Empire of the Steppes: A History of Central Asia	René Grousset					9780813513041	paperback	to-read	11/7/2021			11/7/2021
Ringworld	Larry Niven					9781441760425		to-read	12/31/2018			12/31/2018
Harry Potter and the Chamber of Secrets	J.K. Rowling					9781408865408	hardcover	read	6/16/2012			6/16/2012
The Climate Swerve: Reflections on Mind, Hope, and Survival	Robert Jay Lifton					9781620973479	hardcover	to-read	1/17/2021			1/17/2021
Half Brother	Kenneth Oppel					9781613833193		read	12/31/2018			12/31/2018
White Malice: The CIA and the Covert Recolonization of Africa	Susan Williams					9781541768284	digital	to-read	12/25/2021			12/25/2021
A Sand County Almanac and Sketches Here and There	Aldo Leopold							to-read	1/6/2021			1/6/2021
The Martian Chronicles	Ray Bradbury						paperback	to-read	1/5/2021			1/5/2021
Improbable Destinies: Fate, Chance, and the Future of Evolution	Jonathan B. Losos					9780399184925	hardcover	did-not-finish	1/10/2021			1/10/2021
Qualitative Inquiry and Research Design: Choosing Among Five Approaches	John W. Creswell, Cheryl N. Poth					9781506330204	paperback	to-read	11/4/2021			11/4/2021
With Speed and Violence: Why Scientists Fear Tipping Points in Climate Change	Fred Pearce							to-read	1/16/2021			1/16/2021
Midnight's Borders: A People's History of Modern India	Suchitra Vijayan					9781612198583	hardcover	to-read	12/23/2021			12/23/2021
The Sailor Who Fell from Grace with the Sea	Yukio Mishima					9780679750154	paperback	to-read	12/30/2018			12/30/2018
Africa in the Colonial Ages of Empire: Slavery, Capitalism, Racism, Colonialism, Decolonization, Independence as Recolonizati	Tatah Mentan							to-read	8/29/2021			8/29/2021
The World in Conflict: Understanding the world's troublespots	John Andrews							to-read	12/25/2021			12/25/2021
The War of the Worlds	H. G. Wells, Arthur C. Clarke					9798652799939	paperback	to-read	12/31/2018			12/31/2018
Terra Incognita: 100 Maps to Survive the Next 100 Years (Book)	Ian Goldin, Robert Muggah							to-read	12/25/2021			12/25/2021
Global Catastrophes and Trends: The Next 50 Years	Vaclav Smil					9780262518222	paperback	to-read	1/26/2021			1/26/2021
The Adventures of Tom Sawyer	Mark Twain					9781539998150	paperback	read	1/6/2021			1/6/2021
Alice's Adventures in Wonderland / Through the Looking-Glass	Lewis Carroll					9781435159549	hardcover	read	1/6/2021			1/6/2021
Class: A Guide Through the American Status System	Paul Fussell							to-read	1/16/2021			1/16/2021
Folding Beijing	Hao Jingfang							to-read	8/29/2021			8/29/2021
The Time Traveler's Wife	Audrey Niffenegger					9780224073943	paperback	to-read	1/6/2021			1/6/2021
The Story of More: How We Got to Climate Change and Where to Go from Here	Hope Jahren							to-read	1/16/2021			1/16/2021
The Collected Schizophrenias: Essays	Esmé Weijun Wang							to-read	1/24/2021			1/24/2021
Outliers: The Story of Success	Malcolm Gladwell					9780316017923	hardcover	to-read	1/6/2021			1/6/2021
In the Country of Last Things	Paul Auster					9780571153176	paperback	to-read	1/16/2021			1/16/2021
One Second After	William R. Forstchen					9781433256974	audio	to-read	1/19/2021			1/19/2021
To The Bright Edge of the World	Eowyn Ivey							to-read	11/7/2021			11/7/2021
The Rationalists: Descartes: Discourse on Method & Meditations; Spinoza: Ethics; Leibniz: Monadology & Discourse on Metaphysics	Baruch Spinoza, Richard Taylor, Gottfried Wilhelm Leibniz, René Descartes							currently-reading	10/23/2021			10/23/2021
The Mythical Man-Month: Essays on Software Engineering	Frederick P. Brooks Jr.							to-read	9/7/2021			9/7/2021
Red Harvest	Joe Schreiber					9780307796035	digital	read	12/30/2018			12/30/2018
Wuhan Diary: Dispatches from a Quarantined City	Fang Fang					9780063052642	hardcover	to-read	8/29/2021			8/29/2021
The Ecological Rift	Richard York, John Bellamy Foster, Brett Clark							to-read	1/6/2021			1/6/2021
Free, Fair, and Alive: The Insurgent Power of the Commons	Silke Helfrich, David Bollier							to-read	1/14/2021			1/14/2021
Storytelling with Data: A Data Visualization Guide for Business Professionals	Cole Nussbaumer Knaflic							to-read	4/9/2021			4/9/2021
The Wretched of the Earth	Frantz Fanon					9780802141323	paperback	to-read	10/24/2021			10/24/2021
The Decameron	Giovanni Boccaccio					9781523303182	paperback	to-read	5/19/2021			5/19/2021
Retrotopia	John Michael Greer							to-read	1/16/2021			1/16/2021
Chaos: Making a New Science	James Gleick					9780143113454	paperback	to-read	1/6/2021			1/6/2021
Innumeracy: Mathematical Illiteracy and Its Consequences	John Allen Paulos							did-not-finish	9/6/2021			9/6/2021
The Restaurant at the End of the Universe	Douglas Adams					9780756948184		to-read	12/31/2018			12/31/2018
The Red Threads of Fortune	Neon Yang					9780765395382	digital	to-read	1/5/2021			1/5/2021
Vida y Muerte en La Mara Salvatrucha	Anonymous						paperback	to-read	1/24/2021			1/24/2021
Snotgirl Volume 1: Green Hair Don't Care	Bryan Lee O'Malley					9781534300361	paperback	read	12/31/2018			12/31/2018
Your Inner Fish: A Journey Into the 3.5-Billion-Year History of the Human Body	Neil Shubin					9780307277459	paperback	to-read	1/6/2021			1/6/2021
Living in the Long Emergency: Global Crisis, the Failure of the Futurists, and the Early Adapters Who Are Showing Us the Way Forward	James Howard Kunstler					9781799773726	audio	to-read	1/16/2021			1/16/2021
魔道祖师 Mo Dao Zu Shi	Mo Xiang Tong Xiu	Female	Chinese	China	chinese			read	2/17/2021	1/10/2021	1/10/2021	2/17/2021
Kim Jiyoung, Born 1982	Cho Nam-Joo					9781631496707	hardcover	to-read	9/7/2021			9/7/2021
Desert Solitaire	Edward Abbey					9780816510573	hardcover	to-read	1/6/2021			1/6/2021
Falter: Has the Human Game Begun to Play Itself Out?	Bill McKibben							to-read	1/16/2021			1/16/2021
The Forest of Hands and Teeth	Carrie Ryan					9780385736817	hardcover	read	8/11/2012			8/11/2012
Deep Adaptation	Jem Bendell							to-read	1/16/2021			1/16/2021
Educated	Tara Westover					9781443452489	paperback	to-read	12/31/2018			12/31/2018
Man's Search for Meaning	Viktor E. Frankl					9780807014295	paperback	read	12/30/2018	5/25/2021	5/25/2021	5/25/2021
International Relations in the Anthropocene: New Agendas, New Agencies and New Approaches						9783030530136	paperback	to-read	12/25/2021			12/25/2021
Paper Girls, Vol. 1	Cliff Chiang, Brian K. Vaughan					9789895593224	paperback	read	12/31/2018			12/31/2018
The Rape of Nanking: The Forgotten Holocaust of World War II	Iris Chang					9780465068364	paperback	to-read	1/6/2021			1/6/2021
The New Climate War: The Fight to Take Back Our Planet	Michael E. Mann							to-read	1/20/2021			1/20/2021
Death in Midsummer: And Other Stories	Yukio Mishima					9780811201179	paperback	to-read	12/30/2018			12/30/2018
The Five Stages of Collapse: Laying the Groundwork for Social, Political, and Economic Revolution	Dmitry Orlov							to-read	1/16/2021			1/16/2021
The Beginning of Infinity: Explanations That Transform the World	David Deutsch							to-read	5/19/2021			5/19/2021
The Environmental and Civilization Crisis and the Permaculture Alternative	Cássio Octaviani							to-read	1/16/2021			1/16/2021
Power, Postcolonialism and International Relations: Reading Race, Gender and Class	Geeta Chowdhry							to-read	8/29/2021			8/29/2021
Kafka On The Shore	Haruki Murakami							to-read	12/30/2018			12/30/2018
The Emperor of All Maladies: A Biography of Cancer	Siddhartha Mukherjee					9781508279327	audio	to-read	1/5/2021			1/5/2021
World War Z: An Oral History of the Zombie War	Max Brooks					9784163291406	paperback	read	1/6/2021			1/6/2021
The Giver	Lois Lowry					9780739344569	audio	read	1/6/2021			1/6/2021
Tao Te Ching	Lao Tzu					9780679724346	paperback	to-read	7/23/2021			7/23/2021
Die Wise: A Manifesto for Sanity and Soul	Stephen Jenkinson					9781583949733	paperback	to-read	1/16/2021			1/16/2021
Dawn of the Code War: America's Battle Against Russia, China, and the Rising Global Cyber Threat	John P. Carlin, Garrett M. Graff							to-read	12/25/2021			12/25/2021
Postcolonial Love Poem	Natalie Diaz	Female	Indigenous	USA	english	9781644450147	paperback	read	2/25/2021	5/17/2021	5/17/2021	5/17/2021
No Place for Magic	E.D. Baker							read	6/16/2012			6/16/2012
Too Smart for Our Own Good: The Ecological Predicament of Humankind	Craig Dilworth					9780521757690	paperback	to-read	1/16/2021			1/16/2021
Learning to Die in the Anthropocene: Reflections on the End of a Civilization	Roy Scranton	Male	American	USA	english	9780872866690	paperback	read	1/16/2021	1/16/2021	1/16/2021	1/16/2021
Surfacing	Kathleen Jamie							to-read	10/13/2021			10/13/2021
The Making of the Atomic Bomb	Richard Rhodes					9781451677614	paperback	to-read	1/6/2021			1/6/2021
Night Sky with Exit Wounds	Ocean Vuong						paperback	to-read	2/25/2021			2/25/2021
Agents of Influence: Inside Britain's Secret Intelligence War Against the IRA	Aaron Edwards					9781785373411	paperback	to-read	12/23/2021			12/23/2021
Research Methods: A Practical Guide for Students and Researchers	Willie Chee Keong Tan					9789813229587	hardcover	to-read	11/4/2021			11/4/2021
Everfair	Nisi Shawl							to-read	1/5/2021			1/5/2021
This Place: 150 Years Retold	Natasha Donovan, David Alexander Robertson, Sean Qitsualik-Tinsley, Jen Storm, Niigaanwewidam James Sinclair, Tara Audibert, Kateri Akiwenzie-Damm, Chelsea Vowel, GMB Chomichuk, Scott A. Ford, Brandon Mitchell, Richard Van Camp, Donovan Yaciuk, Rachel Qitsualik-Tinsley, Alicia Elliott, Katherena Vermette, Scott B. Henderson, Ryan Howe, Sonny Assu, Andrew Lodwick, Kyle Charles	Both	Indigenous	USA	english			read	2/25/2021	5/17/2021	5/17/2021	5/17/2021
One Bloody Thing After Another	Joey Comeau					9781554909896	digital	to-read	10/18/2021			10/18/2021
Crystal Express	Bruce Sterling							to-read	1/13/2021			1/13/2021
The Symposium	Plato					9781365614460	hardcover	to-read	1/6/2021			1/6/2021
The Complete Stories and Poems	Edgar Allan Poe							to-read	1/6/2021			1/6/2021
Kenobi	John Jackson Miller							to-read	12/30/2018			12/30/2018
The Ministry for the Future	Kim Stanley Robinson	Male	American	USA	english	9780316300148	paperback	read	1/27/2021	11/16/2021	2021/11/06-2021/11/16	11/16/2021
Harrow the Ninth	Tamsyn Muir					9781250313218	paperback	to-read	4/9/2021			4/9/2021
Ancillary Sword	Ann Leckie					9780316246644	digital	read	1/5/2021			1/5/2021
Why I'm No Longer Talking to White People about Race	Reni Eddo-Lodge					9781408870556	hardcover	to-read	5/19/2021			5/19/2021
Destined for War: Can America and China Escape Thucydides's Trap?	Graham Allison							to-read	12/23/2021			12/23/2021
Dr. Johnson's London	Liza Picard					9780312276652	hardcover	to-read	5/19/2021			5/19/2021
Nothing Is True and Everything Is Possible: The Surreal Heart of the New Russia	Peter Pomerantsev							to-read	12/23/2021			12/23/2021
Paper Girls, Vol. 3	Brian K. Vaughan					9781534302235	paperback	read	12/31/2018			12/31/2018
Pedagogy of the Oppressed	Paulo Freire							to-read	1/16/2021			1/16/2021
23 Things They Don't Tell You about Capitalism	Ha-Joon Chang	Male	Korean	South Korea	english	9781608193387	paperback	read	2/1/2021	5/19/2021	5/19/2021	5/19/2021
Pride and Prejudice	Jane Austen					9781518747212	paperback	to-read	12/30/2018			12/30/2018
Dao de Jing: The Book of the Way	Laozi					9780520242210	paperback	currently-reading	7/23/2021			7/23/2021
Climate Leviathan: A Political Theory of Our Planetary Future	Joel Wainwright, Geoff Mann							to-read	7/23/2021			7/23/2021
A Walk in the Woods: Rediscovering America on the Appalachian Trail	Bill Bryson					9780553455922	audio	to-read	1/6/2021			1/6/2021
Garbology: Our Dirty Love Affair with Trash	Edward Humes							to-read	1/6/2021			1/6/2021
A Wizard of Earthsea	Ursula K. Le Guin					9780553262506	paperback	to-read	1/10/2021			1/10/2021
The Double Life of Zoe Flynn	Janet Lee Carey							read	6/16/2012			6/16/2012
The House of the Spirits	Isabel Allende					9780552995887	paperback	read	12/30/2018			12/30/2018
The Golden Ass	Apuleius					9780253200365	paperback	to-read	1/6/2021			1/6/2021
Disposable City: Miami's Future on the Shores of Climate Catastrophe	Mario Alejandro Ariza					9781541788466	hardcover	to-read	7/23/2021			7/23/2021
The Satyricon and The Apocolocyntosis	Seneca, Petronius, J.P. Sullivan							to-read	1/6/2021			1/6/2021
All Flesh Is Grass: The Pleasures and Promises of Pasture Farming	Gene Logsdon							to-read	12/15/2021			12/15/2021
Oceanography of the Ross Sea Antarctica: Antarctica						9788847022522	paperback	to-read	1/6/2021			1/6/2021
Love: Beyond Body, Space & Time	Hope Nicholson					9780993997075	paperback	to-read	1/5/2021			1/5/2021
Immortality	Milan Kundera							to-read	5/19/2021			5/19/2021
Arctic Dreams	Barry Lopez							to-read	1/6/2021			1/6/2021
The Big Short: Inside the Doomsday Machine	Michael Lewis	Male	American	USA	english	9780393353150	paperback	read	1/6/2021	1/1/2020	1/1/2020	1/6/2021
The Long Descent: A User's Guide to the End of the Industrial Age	John Michael Greer					9781945810282	paperback	to-read	1/16/2021			1/16/2021
The Tradition	Jericho Brown						digital	to-read	1/5/2021			1/5/2021
Collapse: How Societies Choose to Fail or Succeed	Jared Diamond							to-read	1/6/2021			1/6/2021
Endgame, Vol. 2: Resistance	Derrick Jensen							to-read	1/16/2021			1/16/2021
Parenthesis	Élodie Durand					9781603094818	paperback	to-read	10/18/2021			10/18/2021
A Game of Thrones	George R.R. Martin						paperback	read	12/30/2018	1/1/2019	1/1/2019	1/1/2019
Stealing Death	Janet Lee Carey							read	6/16/2012			6/16/2012
Field Notes from a Catastrophe: Man, Nature, and Climate Change	Elizabeth Kolbert							to-read	1/6/2021			1/6/2021
The Complete I Ching: The Definitive Translation	Alfred Huang							to-read	7/23/2021			7/23/2021
Treasure Island	Robert Louis Stevenson					9780780717046		to-read	1/6/2021			1/6/2021
Introducing Research Methodology: A Beginner′s Guide to Doing a Research Project	Uwe Flick					9781849207812	paperback	to-read	11/4/2021			11/4/2021
Brave New World	Aldous Huxley					9781784870140	paperback	to-read	12/30/2018			12/30/2018
The Body: A Guide for Occupants	Bill Bryson					9780385539302	hardcover	to-read	10/8/2021			10/8/2021
So Damn Much Money: The Triumph of Lobbying and the Corrosion of American Government	Robert G. Kaiser					9780307385888	paperback	to-read	1/6/2021			1/6/2021
La isla bajo el mar	Isabel Allende							to-read	2/25/2021			2/25/2021
Dread Nation	Justina Ireland					9780062570611	paperback	read	1/5/2021			1/5/2021
Rethinking Chinese Politics	Joseph Fewsmith					9781108923859		to-read	12/23/2021			12/23/2021
To Kill a Mockingbird	Harper Lee						paperback	read	1/6/2021			1/6/2021
Good Omens: The Nice and Accurate Prophecies of Agnes Nutter, Witch	Terry Pratchett, Neil Gaiman					9780060853983	paperback	to-read	1/6/2021			1/6/2021
Where the Wild Things Were: Life, Death, and Ecological Wreckage in a Land of Vanishing Predators	William Stolzenburg							to-read	1/6/2021			1/6/2021
Techno-Fix: Why Technology Won't Save Us Or the Environment	Joyce Huesemann, Michael Huesemann							to-read	1/16/2021			1/16/2021
One Hundred Years of Solitude	Gabriel García Márquez					9780061120091	paperback	to-read	1/6/2021			1/6/2021
The Sixth Extinction: An Unnatural History	Elizabeth Kolbert					9781408851241	paperback	to-read	1/6/2021			1/6/2021
The Way Through the Woods: Of Mushrooms and Mourning	Long Litt Woon							to-read	9/7/2021			9/7/2021
In Real Life	Cory Doctorow					9781250144287	paperback	read	12/31/2018			12/31/2018
Parable of the Sower	Octavia E. Butler					9781538732182	paperback	read	1/5/2021			1/5/2021
The Ghost Variations: One Hundred Stories	Kevin Brockmeier					9781524748838	hardcover	to-read	11/6/2021			11/6/2021
OpenIntro Statistics	Mine Çetinkaya-Rundel, Christopher D. Barr, David M. Diez							to-read	4/9/2021			4/9/2021
The War of Words: A Glossary of Globalization	Harold James					9780300258295	hardcover	to-read	12/23/2021			12/23/2021
Women with Mustaches and Men without Beards: Gender and Sexual Anxieties of Iranian Modernity	Afsaneh Najmabadi							to-read	10/24/2021			10/24/2021
The Mr. X Interviews: Volume 1: World Views from a Fictional Us Sovereign Creditor	Luke Gromen					9781947937109	paperback	to-read	10/23/2021			10/23/2021
Star Wars: Darth Maul	Luke Ross, Cullen Bunn							to-read	12/30/2018			12/30/2018
Born for Love: Why Empathy Is Essential--and Endangered	Bruce D. Perry, Maia Szalavitz							to-read	12/15/2021			12/15/2021
The New Tsar: The Rise and Reign of Vladimir Putin	Steven Lee Myers							to-read	12/23/2021			12/23/2021
Thinking in Systems: A Primer	Donella H. Meadows					9789866031793	paperback	to-read	1/16/2021			1/16/2021
Another End of the World Is Possible: Living the Collapse (and Not Merely Surviving It)	Raphael Stevens, Pablo Servigne, Gauthier Chapelle					9781509544660	paperback	to-read	1/16/2021			1/16/2021
Lords of Finance: The Bankers Who Broke the World	Liaquat Ahamed							to-read	10/23/2021			10/23/2021
The War on the Uyghurs: China's Internal Campaign Against a Muslim Minority	Sean R. Roberts					9780691202181	hardcover	to-read	12/23/2021			12/23/2021
Witchmark	C.L. Polk					9781250162687	paperback	to-read	1/5/2021			1/5/2021
The Fox's Tower and Other Tales	Yoon Ha Lee							to-read	1/5/2021			1/5/2021
Authenticity and the Cultural Politics of Work: New Forms of Informal Control	Peter Fleming					9780199547159	hardcover	to-read	11/4/2021			11/4/2021
Encounters with the Archdruid	John McPhee							to-read	1/6/2021			1/6/2021
Wild Swans: Three Daughters of China	Jung Chang					9780007241675	paperback	to-read	1/6/2021			1/6/2021
The Day Lasts More Than a Hundred Years	Чингиз Айтматов, Chingiz Aitmatov							to-read	8/29/2021			8/29/2021
Fight Club	Chuck Palahniuk					9780805062977	paperback	to-read	1/6/2021			1/6/2021
At Bay: Cultures Converging Through Southwest Washington	Jay Miller Phd					9781987530186	paperback	to-read	9/7/2021			9/7/2021
The Freezer Door	Mattilda Bernstein Sycamore					9781635901283	paperback	to-read	1/6/2021			1/6/2021
Ham Radio for Dummies	H. Ward Silver					9781119454847	paperback	to-read	1/19/2021			1/19/2021
Plato's Revenge: Politics in the Age of Ecology	William Ophuls					9780262525282	paperback	to-read	1/16/2021			1/16/2021
The Secret Knowledge of Water: Discovering the Essence of the American Desert	Craig Childs					9780316610698	paperback	to-read	1/6/2021			1/6/2021
Tales of the Mountains and Steppes	Chingiz Aitmatov							to-read	8/29/2021			8/29/2021
The China-Pakistan Axis: Asia's New Geopolitics	Andrew Small							to-read	12/23/2021			12/23/2021
The Omnivore's Dilemma: A Natural History of Four Meals	Michael Pollan					9781594200823	hardcover	read	1/6/2021			1/6/2021
The House on Mango Street	Sandra Cisneros					9780679734772	paperback	to-read	2/25/2021			2/25/2021
Battle Cry of Freedom	James M. McPherson					9780195038637	hardcover	to-read	1/6/2021			1/6/2021
The Book of Eels: Our Enduring Fascination with the Most Mysterious Creature in the Natural World	Patrik Svensson					9780062968814	hardcover	to-read	9/7/2021			9/7/2021
Little Women	Louisa May Alcott					9781724963192	paperback	to-read	1/6/2021			1/6/2021
Memoirs of a Geisha	Arthur Golden					067697175X	paperback	to-read	1/6/2021			1/6/2021
Milk and Honey	Rupi Kaur					9781502784278	paperback	to-read	11/7/2021			11/7/2021
Apologies to the Grandchldren: Reflections on Our Ecological Predicament, Its Deeper Causes, and Its Political Consequences	William Ophuls					9781730887253	paperback	to-read	1/16/2021			1/16/2021
I Live a Life Like Yours: A Memoir	Jan Grue					9780374600785	paperback	to-read	9/7/2021			9/7/2021
Breath: The New Science of a Lost Art	James Nestor					9780735213616	hardcover	to-read	12/15/2021			12/15/2021
The Complete Works of Lao Tzu: Tao Teh Ching & Hua Hu Ching	Hua-Ching Ni, Lao Tzu							to-read	5/19/2021			5/19/2021
The Crash Course: The Unsustainable Future of Our Economy, Energy, and Environment	Chris Martenson					9780470927649	hardcover	to-read	1/16/2021			1/16/2021
Death of a Salesman	Arthur Miller					9781580818308	audio	read	12/30/2018			12/30/2018
Selections from the Prison Notebooks	Geoffrey Nowell-Smith, Antonio Gramsci, Quintin Hoare							to-read	8/29/2021			8/29/2021
The Scum Villain's Self-Saving System	Mo Xiang Tong Xiu	Female	Chinese	China	chinese		digital	read	2/17/2021	4/9/2021	2020/12/27-2021/04/09	4/9/2021
The Plague Year: America in the Time of COVID	Lawrence Wright					9780593320723	hardcover	to-read	2/25/2021			2/25/2021
Spring Snow	Yukio Mishima					9780679722410	paperback	to-read	12/30/2018			12/30/2018
Ender's Shadow	Orson Scott Card					9781427227966		read	12/31/2018			12/31/2018
A People's History of the United States	Howard Zinn					9780060838652	paperback	to-read	1/6/2021			1/6/2021
Animal Farm	George Orwell					9787532751457	hardcover	to-read	12/31/2018			12/31/2018
The Life-Changing Magic of Tidying Up	Marie Kondo	Female	Japanese	Japan	japanese	9781607747307	hardcover	read	5/5/2021	5/2/2021	5/2/2021	5/5/2021
Understanding Afghanistan: History, Politics and the Economy	Abdul Qayyum					9781032054476	paperback	to-read	12/23/2021			12/23/2021
The Devourers	Indra Das					9781101967539	paperback	did-not-finish	1/5/2021			1/5/2021
The Lives of a Cell: Notes of a Biology Watcher	Lewis Thomas							to-read	1/6/2021			1/6/2021
Children of the Mind	Orson Scott Card					9780765304742	paperback	read	12/31/2018			12/31/2018
Place of the Skull Loth	Chingiz Aitmatov							to-read	8/29/2021			8/29/2021
A Universe of Wishes	Dhonielle Clayton					9781984896223	digital	to-read	2/25/2021			2/25/2021
The Lightning Thief	Rick Riordan					9786021606223	paperback	read	6/16/2012			6/16/2012
Baskets from Nature's Bounty	Elizabeth Jensen					9780934026697	hardcover	to-read	12/15/2021			12/15/2021
Seed to Seed: Seed Saving and Growing Techniques for Vegetable Gardeners	Suzanne Ashworth, Kent Whealy							to-read	12/15/2021			12/15/2021
The Secret Thoughts of Successful Women: Why Capable People Suffer from the Impostor Syndrome and How to Thrive in Spite of It	Valerie Young					9780307452719	hardcover	to-read	11/4/2021			11/4/2021
Wild Solutions: How Biodiversity is Money in the Bank	Christine Turnbull, Paul R. Ehrlich, Andrew Beattie							to-read	1/6/2021			1/6/2021
The Art of War	Sun Tzu					9781406500530	paperback	to-read	8/29/2021			8/29/2021
The Pandemic Century: A History of Global Contagion from the Spanish Flu to Covid-19	Mark Honigsbaum							to-read	12/23/2021			12/23/2021
Of Mice and Men	John Steinbeck					9780553131000	paperback	to-read	1/6/2021			1/6/2021
Blackfish City	Sam J. Miller					9780062684844	digital	to-read	1/5/2021			1/5/2021
Know My Name	Chanel Miller	Female	Chinese American	USA	english	9780735223707	hardcover	read	9/1/2021	9/1/2021	9/1/2021	9/1/2021
Letters to the Earth: Writing to a Planet in Crisis						9780008374471	paperback	to-read	2/24/2021			2/24/2021
Wintering: The Power of Rest and Retreat in Difficult Times	Katherine May					9780593189504	digital	to-read	2/24/2021			2/24/2021
Currency Wars: The Making of the Next Global Crisis	James Rickards					9781591845560	paperback	to-read	10/23/2021			10/23/2021
The Imperial Mode of Living: Everyday Life and the Ecological Crisis of Capitalism	Ulrich Brand, Markus Wissen					9781788739122	paperback	to-read	10/2/2021			10/2/2021
RetroSuburbia: The Downshifter's Guide to a Resilient Future	David Holmgren					9780994392879	paperback	to-read	1/16/2021			1/16/2021
No Good Men Among the Living: America, the Taliban, and the War through Afghan Eyes	Anand Gopal							to-read	10/6/2021			10/6/2021
Hope in Hell: A decade to confront the climate emergency	Jonathon Porritt					9781471193309	paperback	to-read	1/16/2021			1/16/2021
Exile and Pride: Disability, Queerness, and Liberation	Eli Clare, Suzanne Pharr							to-read	1/5/2021			1/5/2021
Invisible Planets: Contemporary Chinese Science Fiction in Translation	Ken Liu							to-read	8/29/2021			8/29/2021
Small Is Beautiful: Economics as if People Mattered	Ernst F. Schumacher					9780060916305		to-read	1/6/2021			1/6/2021
Interactive Data Visualization for the Web	Scott Murray							to-read	4/9/2021			4/9/2021
Flora and Ulysses: The Illuminated Adventures	Kate DiCamillo					9780449015131	audio	read	1/10/2016	1/10/2016	1/10/2016	1/10/2016
Weak Strongman: The Limits of Power in Putin's Russia	Timothy Frye					9780691212463	hardcover	to-read	12/23/2021			12/23/2021
A Brief History of Time	Stephen Hawking							to-read	1/6/2021			1/6/2021
The God of Small Things	Arundhati Roy					9780679457312	hardcover	to-read	10/2/2021			10/2/2021
Daphnis and Chloe	Longus					9781543121414	paperback	to-read	1/6/2021			1/6/2021
The Jungle	Upton Sinclair, Earl Lee, Kathleen DeGrave							to-read	8/4/2021			8/4/2021
An Unkindness of Ghosts	Rivers Solomon					9781617755880	paperback	to-read	1/5/2021			1/5/2021
The World According to China	Elizabeth C Economy					9781509537495	hardcover	to-read	12/23/2021			12/23/2021
Ishmael	Daniel Quinn					9780553375404	paperback	to-read	1/16/2021			1/16/2021
Drug Wars and Covert Netherworlds: The Transformations of Mexico's Narco Cartels	James H. Creechan					9780816540914	paperback	to-read	12/25/2021			12/25/2021
Adulting: How to Become a Grown-up in 468 Easy(ish) Steps	Kelly Williams Brown							to-read	11/7/2021			11/7/2021
The $1,000 Genome: The Revolution in DNA Sequencing and the New Era of Personalized Medicine	Kevin Davies					9781416569596	hardcover	to-read	11/4/2021			11/4/2021
Against the Grain: A Deep History of the Earliest States	James C. Scott					9781978624030	audio	to-read	1/16/2021			1/16/2021
The Street of Crocodiles	Bruno Schulz					9780140186253	paperback	to-read	5/19/2021			5/19/2021
The End of Epidemics: The Looming Threat to Humanity and How to Stop It	Jonathan D. Quick, Bronwyn Fryer					9781250117779	hardcover	to-read	12/23/2021			12/23/2021
The Nature of Nature: Why We Need the Wild	Enric Sala					9781426221309	paperback	to-read	1/18/2021			1/18/2021
Rosewater	Tade Thompson					9781937009298	paperback	to-read	1/5/2021			1/5/2021
The Secret Garden	Frances Hodgson Burnett					9798686300101	paperback	to-read	1/6/2021			1/6/2021
Wages of Rebellion: The Moral Imperative of Revolt	Chris Hedges							to-read	1/16/2021			1/16/2021
The Survival Medicine Handbook: A Guide for When Help is Not on the Way	Amy Alton, Joseph Alton							to-read	1/19/2021			1/19/2021
1491: New Revelations of the Americas Before Columbus	Charles C. Mann							to-read	1/6/2021			1/6/2021
Red Moon Rising	K.A. Holt							read	3/13/2016	3/13/2016	3/13/2016	3/13/2016
Surviving Your Stupid Stupid Decision to Go to Grad School	Adam Ruben							did-not-finish	9/7/2021			9/7/2021
Backyard Foraging: 65 Familiar Plants You Didn't Know You Could Eat	Ellen Zachos					9781612120096	paperback	to-read	1/19/2021			1/19/2021
China's Asian Dream: Empire Building along the New Silk Road	Tom Miller							to-read	12/23/2021			12/23/2021
Oceanic	Aimee Nezhukumatathil					9781556595264	paperback	to-read	2/25/2021			2/25/2021
Gideon the Ninth	Tamsyn Muir	Female	Australian	Australia	english	9781250313195	hardcover	read	1/29/2021	3/7/2021	3/7/2021	3/7/2021
Gone with the Wind	Margaret Mitchell					9781416548898	paperback	to-read	1/6/2021			1/6/2021
Prehistoric Life: The Definitive Visual History of Life on Earth	David Burnie							to-read	11/7/2021			11/7/2021
Facing the Climate Emergency: How to Transform Yourself with Climate Truth	Margaret Klein Salamon					9780865719415	paperback	to-read	1/17/2021			1/17/2021
New Moon	Stephenie Meyer					9781616579180	audio	read	6/16/2012			6/16/2012
Romance of the Three Kingdoms, Vol. 1 of 2	Luo Guanzhong, Robert E. Hegel, C.H. Brewitt-Taylor							to-read	10/4/2021			10/4/2021
The Histories	Herodotus					9780375400612	hardcover	to-read	1/6/2021			1/6/2021
Indian New England Before the Mayflower	Howard S. Russell					9780874512557	paperback	to-read	12/15/2021			12/15/2021
Earth Abides	George R. Stewart					9781441806147	audio	to-read	12/31/2018			12/31/2018
Snotgirl #2	Bryan Lee O'Malley, Leslie Hung							read	12/31/2018			12/31/2018
The Great Gatsby	F. Scott Fitzgerald, Francis Scott Fitzgerald						paperback	to-read	1/6/2021			1/6/2021
Speaker for the Dead	Orson Scott Card					9781427227751		read	4/22/2013			4/22/2013
Stylish Academic Writing	Helen Sword					9780674064485	hardcover	to-read	11/4/2021			11/4/2021
Catching Fire	Suzanne Collins					9780545586177	paperback	read	6/16/2012			6/16/2012
Aftershocks: Pandemic Politics and the End of the Old International Order	Colin Kahl, Thomas Wright, National Security expert						audio	to-read	12/23/2021			12/23/2021
Last Chance to See	Douglas Adams, Mark Carwardine					9780345371980	paperback	to-read	1/6/2021			1/6/2021
Becoming Animal: An Earthly Cosmology	David Abram							to-read	5/19/2021			5/19/2021
Ornamentalism	Anne Anlin Cheng					9780190604615	hardcover	to-read	10/24/2021			10/24/2021
Living at the Edges of Capitalism: Adventures in Exile and Mutual Aid	Denis O'Hearn, Andrej Grubacic					9780520287303	paperback	to-read	10/2/2021			10/2/2021
How Everything Can Collapse: A Manual for Our Times	Pablo Servigne, Rapha?l Stevens, Andrew Brown							to-read	1/16/2021			1/16/2021
Pride and Prejudice and Zombies	Jane Austen, Seth Grahame-Smith						paperback	to-read	2/17/2021			2/17/2021
The Unabridged Journals of Sylvia Plath	Sylvia Plath					9780385720250	paperback	to-read	1/6/2021			1/6/2021
The Transition Handbook: From Oil Dependency to Local Resilience	Rob Hopkins					9780857842152	paperback	to-read	1/16/2021			1/16/2021
1Q84	Haruki Murakami					9789734620067	paperback	read	12/30/2018	7/1/2018	7/1/2018	12/30/2018
The Double Helix	James D. Watson							to-read	11/4/2021			11/4/2021
Harry Potter and the Deathly Hallows	J.K. Rowling					9781408865453	hardcover	read	6/16/2012			6/16/2012
Assad or We Burn the Country: How One Family's Lust for Power Destroyed Syria	Sam Dagher							to-read	12/23/2021			12/23/2021
The Stranger	Albert Camus					9780679720201	paperback	read	12/30/2018			12/30/2018
Shadow State: Murder, Mayhem, and Russia's Attack on the West	Luke Harding							to-read	12/23/2021			12/23/2021
Hothouse	Brian W. Aldiss							to-read	12/31/2018			12/31/2018
Nimona	Noelle Stevenson					9780062278227	paperback	read	12/31/2018			12/31/2018
Everything I Want to Do Is Illegal: War Stories from the Local Food Front	Joel Salatin							to-read	1/6/2021			1/6/2021
Life of Pi	Yann Martel					9780156030205	paperback	to-read	1/6/2021			1/6/2021
Slaughterhouse-Five	Kurt Vonnegut Jr.							to-read	1/6/2021			1/6/2021
Largo pétalo de mar	Isabel Allende							to-read	2/21/2021			2/21/2021
1776	David McCullough					9781613836309		to-read	1/6/2021			1/6/2021
Pride and Prejudice	Jane Austen					9780613640954	hardcover	did-not-finish	2/17/2021			2/17/2021
1984	George Orwell					9788535914849	paperback	read	1/6/2021			1/6/2021
Show Me the Numbers: Designing Tables and Graphs to Enlighten	Stephen Few							to-read	4/9/2021			4/9/2021
Living in a World That Can't Be Fixed: Reimagining Counterculture Today	Curtis White					9781612198088	hardcover	to-read	1/16/2021			1/16/2021
The Great Decoupling: China, America and the Struggle for Technological Supremacy	Nigel Inkster					9781787383838	hardcover	to-read	12/23/2021			12/23/2021
Will Bonsall's Essential Guide to Radical Self-Reliant Gardening	Will Bonsall							to-read	1/23/2021			1/23/2021
The Hobbit, or There and Back Again	J.R.R. Tolkien					9780048231888	paperback	read	1/10/2021			1/10/2021
Move Your DNA Restore Your Health Through Natural Movement	Katy Bowman							to-read	12/15/2021			12/15/2021
King of Fish: The Thousand-Year Run of Salmon	David R. Montgomery							to-read	1/28/2021			1/28/2021
Lights Out: A Cyberattack, A Nation Unprepared, Surviving the Aftermath	Ted Koppel							to-read	1/19/2021			1/19/2021
Rhyme Schemer	K.A. Holt							read	1/5/2016	1/5/2016	1/5/2016	1/5/2016
Gaussian Processes for Machine Learning	Carl Edward Rasmussen, Christopher K.I. Williams							to-read	1/6/2021			1/6/2021
Clap When You Land	Elizabeth Acevedo					9780062882769	hardcover	to-read	10/18/2021			10/18/2021
Basin and Range	John McPhee					9780374516901	paperback	to-read	1/6/2021			1/6/2021
Little Brother	Cory Doctorow							read	12/31/2018			12/31/2018
Risk: A User's Guide	Stanley McChrystal					9780593192207	hardcover	to-read	12/23/2021			12/23/2021
The Lost Words	Jackie Morris, Robert Macfarlane							to-read	2/24/2021			2/24/2021
Overshoot: The Ecological Basis of Revolutionary Change	William R. Catton Jr., Stewart L. Udall							read	1/6/2021			1/6/2021
Every Time I Find the Meaning of Life, They Change It: Wisdom of the Great Philosophers on How to Live	Daniel Klein							to-read	5/19/2021			5/19/2021
Disability Visibility: First-Person Stories From the Twenty-first Century	Alice Wong	Female	American	USA	english	9781984899439	digital	read	1/5/2021	1/25/2021	1/25/2021	1/25/2021
The Odyssey	Homer					9780806144122	paperback	to-read	1/6/2021			1/6/2021
The Back Channel: American Diplomacy in a Disordered World	Ambassador William J. Burns							to-read	12/25/2021			12/25/2021
A Pretoria Boy: The Story of South Africa's ‘Public Enemy Number One'	Peter Hain					9781785787638	hardcover	to-read	12/25/2021			12/25/2021
Feral: Rewilding the Land, the Sea and Human Life	George Monbiot					9780670067176	hardcover	to-read	1/6/2021			1/6/2021
The Recruiter: Spying and the Lost Art of American Intelligence	Douglas London						digital	to-read	12/25/2021			12/25/2021
The Sea Around Us	Rachel Carson							to-read	2/24/2021			2/24/2021
What If? Serious Scientific Answers to Absurd Hypothetical Questions	Randall Munroe					9781848549562	paperback	read	1/6/2021			1/6/2021
Three Kingdoms	Luo Guanzhong					9787119005904	paperback	to-read	1/6/2021			1/6/2021
Salmon Without Rivers: A History Of The Pacific Salmon Crisis	James A. Lichatowich							to-read	1/28/2021			1/28/2021
Fat Angie	E.E. Charlton-Trujillo							read	1/16/2015			1/16/2015
Better Presentations: A Guide for Scholars, Researchers, and Wonks	Jonathan Schwabish							to-read	4/9/2021			4/9/2021
Never Cry Wolf: The Amazing True Story of Life Among Arctic Wolves	Farley Mowat							to-read	1/6/2021			1/6/2021
The Uninhabitable Earth: Life After Warming	David Wallace-Wells							to-read	1/6/2021			1/6/2021
One Flew Over the Cuckoo's Nest	Ken Kesey					9780141024875	paperback	to-read	1/6/2021			1/6/2021
Harry Potter and the Goblet of Fire	J.K. Rowling					9780747582380	paperback	read	6/16/2012			6/16/2012
The Cold War, the Space Race, and the Law of Outer Space: Space for Peace	Albert K Lai					9780367753849	hardcover	to-read	12/23/2021			12/23/2021
Holy Bible: King James Version	Anonymous					9781592975044	paperback	to-read	1/6/2021			1/6/2021
The Biography of a Dollar: How Mr. Greenback Greases the Skids of America and the World	Craig Karmin							to-read	10/23/2021			10/23/2021
Notes of a Native Son	James Baldwin					9780807064313	paperback	to-read	8/4/2021			8/4/2021
We Have Always Been Here: A Queer Muslim Memoir	Samra Habib					9780735237629	audio	to-read	10/18/2021			10/18/2021
My Lesbian Experience with Loneliness	Kabi Nagata					9781626926035	paperback	read	5/19/2021	2017	2017	5/19/2021
泾渭情殇 (Clear and Muddy Loss of Love)	请君莫笑						digital	currently-reading	8/29/2021			8/29/2021
Provenance	Ann Leckie					9780316388634	digital	to-read	5/19/2021			5/19/2021
The Water Will Come: Rising Seas, Sinking Cities, and the Remaking of the Civilized World	Jeff Goodell					9780316260244	hardcover	to-read	1/16/2021			1/16/2021
100 Deadly Skills: The SEAL Operative's Guide to Eluding Pursuers, Evading Capture, and Surviving Any Dangerous Situation	Clint Emerson							to-read	1/19/2021			1/19/2021
From Sheikhs to Sultanism: Statecraft and Authority in Saudi Arabia and the Uae	Christopher M Davidson					9780197586488	hardcover	to-read	12/23/2021			12/23/2021
The New Map: Energy, Climate, and the Clash of Nations	Daniel Yergin					9781594206436	hardcover	to-read	12/25/2021			12/25/2021
Jane Eyre	Charlotte Brontë					9780393264876	paperback	to-read	1/6/2021			1/6/2021
Living Color: Angie Rubio Stories	Donna Miscolta					9781938841187	paperback	to-read	1/6/2021			1/6/2021
Her Body and Other Parties	Carmen Maria Machado					9781781259528	hardcover	to-read	1/5/2021			1/5/2021
Shadow of the Hegemon	Orson Scott Card					9780613671217	hardcover	read	12/31/2018			12/31/2018
Callirhoe	Chariton					9780674995307	hardcover	to-read	1/6/2021			1/6/2021
Failure to Communicate	Kaia Sønderby					9789198529708	paperback	to-read	1/5/2021			1/5/2021
The Sound of Waves	Yukio Mishima					9780099289982	paperback	to-read	8/4/2021			8/4/2021
Slade House	David Mitchell					9781410483744	hardcover	to-read	5/19/2021			5/19/2021
An Inconvenient Truth: The Planetary Emergency of Global Warming and What We Can Do About It	Al Gore							to-read	1/6/2021			1/6/2021
The Divine Comedy	Dante Alighieri					9781500506353	paperback	to-read	1/6/2021			1/6/2021
The Craft of Research	Gregory G. Colomb, Joseph M. Williams, Wayne C. Booth					9780226239736	paperback	to-read	11/4/2021			11/4/2021
How We Know What Isn't So: The Fallibility of Human Reason in Everyday Life	Thomas Gilovich							to-read	9/6/2021			9/6/2021
Ancillary Justice	Ann Leckie					9780356502403	paperback	read	1/5/2021			1/5/2021
Sand Talk: How Indigenous Thinking Can Save the World	Tyson Yunkaporta							to-read	12/15/2021			12/15/2021
Only Love Remains: Dancing at the Edge of Extinction	Guy R. McPherson	Male	American	USA	english	9781732963108	paperback	read	10/13/2021	10/19/2021	2021/10/12-2021/10/19	10/19/2021
The Art of War	Sun Tzu					9781978293328	paperback	to-read	1/6/2021			1/6/2021
The Essential Chuang Tzu	Sam Hamill, J.P. Seaton							to-read	7/23/2021			7/23/2021
The Poetry of Flowers	Samuel Carr	Male	British	UK	english	9780800863937	hardcover	read	10/13/2021	10/18/2021	2021/10/12-2021/10/18	10/18/2021
Call Sign Chaos: Learning to Lead	Jim Mattis, Francis J. "Bing" West Jr.							to-read	12/25/2021			12/25/2021
Norwegian Wood	Haruki Murakami					9780307744661	paperback	to-read	1/16/2021			1/16/2021
The Empress of Salt and Fortune	Nghi Vo					9781250750297	digital	to-read	7/23/2021			7/23/2021
Blood and Oil: Mohammed Bin Salman's Ruthless Quest for Global Power	Bradley Hope, Justin Scheck					9780306846663	hardcover	to-read	12/23/2021			12/23/2021
The Perks of Being a Wallflower	Stephen Chbosky							to-read	1/6/2021			1/6/2021
The India Way: Strategies for an Uncertain World	S. Jaishankar					9789353579791	hardcover	to-read	12/23/2021			12/23/2021
Scatter, Adapt, and Remember: How Humans Will Survive a Mass Extinction	Annalee Newitz					9780307949424	paperback	to-read	1/16/2021			1/16/2021
Kindred	Octavia E. Butler					1472258223	paperback	to-read	2/25/2021			2/25/2021
Kadambari	Padmini Rajappa, Banabhatta							to-read	1/6/2021			1/6/2021
Kitchen	Banana Yoshimoto					9780571171040	paperback	read	12/30/2018			12/30/2018
The Blank Slate: The Modern Denial of Human Nature	Steven Pinker					9780142003343	paperback	to-read	1/6/2021			1/6/2021
The Storm Before the Storm: The Beginning of the End of the Roman Republic	Mike Duncan					9781610397216	hardcover	to-read	10/23/2021			10/23/2021
Lioness Rampant	Tamora Pierce					9780689878572	paperback	read	7/20/2012			7/20/2012
The Wild Edge of Sorrow: Rituals of Renewal and the Sacred Work of Grief	Francis Weller, Michael Lerner							to-read	1/31/2021			1/31/2021
Thrawn	Timothy Zahn					9780345511270	hardcover	read	12/30/2018			12/30/2018
Maus I: A Survivor's Tale: My Father Bleeds History	Art Spiegelman							read	1/6/2021			1/6/2021
The Picture of Dorian Gray	Oscar Wilde						paperback	to-read	1/6/2021			1/6/2021
The Entire Earth and Sky: Views on Antarctica	Leslie Carol Roberts							to-read	1/6/2021			1/6/2021
The Great Ages of Discovery: How Western Civilization Learned about a Wider World	Stephen J. Pyne					9780816541119	hardcover	to-read	1/16/2021			1/16/2021
Don Quixote	Miguel de Cervantes Saavedra					9780099469698	paperback	to-read	1/6/2021			1/6/2021
Twilight	Stephenie Meyer					9781907410482	paperback	read	6/16/2012			6/16/2012
Doing Academic Research: A Practical Guide to Research Methods and Analysis	Ted Gournelos, Joshua R. Hammonds, Maridath A. Wilson					9780367207915	hardcover	to-read	11/4/2021			11/4/2021
Nine Nights with the Taoist Master	Waysun Liao							to-read	10/20/2021			10/20/2021
The Drowned World	J.G. Ballard					9781857988833	paperback	to-read	12/31/2018			12/31/2018
Foundation	Isaac Asimov					9780808520788	paperback	to-read	12/31/2018			12/31/2018
Blink: The Power of Thinking Without Thinking	Malcolm Gladwell					9780316010665	paperback	to-read	10/8/2021			10/8/2021
The Way: An Ecological World View	Edward Goldsmith							to-read	1/16/2021			1/16/2021
The Spymaster of Baghdad: The Untold Story of the Elite Intelligence Cell that Turned the Tide against ISIS	Margaret Coker							to-read	12/23/2021			12/23/2021
The Recruiter: Spying in the Twilight of American Intelligence	Douglas London					9780306847301	hardcover	to-read	12/25/2021			12/25/2021
Energy and Civilization: A History	Vaclav Smil							to-read	1/26/2021			1/26/2021
Home and Harem: Nation, Gender, Empire and the Cultures of Travel	Inderpal Grewal					9780822317401	paperback	to-read	10/24/2021			10/24/2021
The Myth of Sisyphus	Albert Camus							to-read	5/19/2021			5/19/2021
The Bhagavad Gita	Simon Brodbeck, Krishna-Dwaipayana Vyasa, Juan Mascaró							to-read	1/6/2021			1/6/2021
The Final Girl Support Group	Grady Hendrix	Male	American	USA	english	9780593201237	hardcover	read	10/21/2021	10/21/2021	10/21/2021	10/21/2021
How to Talk so Kids Will Listen...And Listen So Kids Will Talk	Elaine Mazlish, Adele Faber							to-read	11/7/2021			11/7/2021
The Factory	Hiroko Oyamada, David Boyd							to-read	8/30/2021			8/30/2021
North of Normal: A Memoir of My Wilderness Childhood, My Unusual Family, and How I Survived Both	Cea Sunrise Person					9780062289865	hardcover	to-read	11/7/2021			11/7/2021
Three Kingdoms, Part Two	Guanzhong Luo					9780520225039	paperback	to-read	9/7/2021			9/7/2021
The Trauma Cleaner: One Woman's Extraordinary Life in the Business of Death, Decay, and Disaster	Sarah Krasnostein					9781250101204	hardcover	to-read	10/18/2021			10/18/2021
When the Tiger Came Down the Mountain	Nghi Vo					9781250786135	paperback	to-read	1/10/2021			1/10/2021
Hiroshima	John Hersey					9780593082362	paperback	to-read	1/6/2021			1/6/2021
A Hero of Our Time	Mikhail Lermontov					9780140447958	paperback	read	12/30/2018			12/30/2018
The End is Always Near: Apocalyptic Moments, from the Bronze Age Collapse to Nuclear Near Misses	Dan Carlin							to-read	1/16/2021			1/16/2021
Princess Juniper of the Hourglass	Ammi-Joan Paquette							read	8/5/2015	8/5/2015	8/5/2015	8/5/2015
A Farewell to Ice: A Report from the Arctic	Peter Wadhams							to-read	1/16/2021			1/16/2021
The Fault in Our Stars	John Green					9780525478812	hardcover	read	1/6/2021			1/6/2021
Bit Rot	Douglas Coupland							to-read	10/8/2021			10/8/2021
Central Asia: A New History from the Imperial Conquests to the Present	Adeeb Khalid					9780691161396	hardcover	currently-reading	8/29/2021			8/29/2021
Dune	Frank Herbert					9781427227706	audio	to-read	12/31/2018			12/31/2018
The Neverending Story	Michael Ende					9781617078545		to-read	1/6/2021			1/6/2021
History of the Peloponnesian War	Thucydides, William Smith					9780343806439	paperback	to-read	1/6/2021			1/6/2021
Extreme Ownership: How U.S. Navy SEALs Lead and Win	Jocko Willink					9781250067050	hardcover	to-read	1/23/2021			1/23/2021
Build the Perfect Bug Out Bag: Your 72-Hour Disaster Survival Kit	Creek Stewart							to-read	1/19/2021			1/19/2021
Four Thousand Weeks: Time Management for Mortals	Oliver Burkeman					9780374159122	hardcover	to-read	11/6/2021			11/6/2021
The Dark and Hollow Places	Carrie Ryan					9780385738590	hardcover	read	8/11/2012			8/11/2012
The Right to Be Lazy	Paul Lafargue					9781892355034	paperback	to-read	11/4/2021			11/4/2021
The Rise and Fall of the Third Reich: A History of Nazi Germany	William L. Shirer					9781441734181	audio	to-read	1/6/2021			1/6/2021
America's Expiration Date: The Fall of Empires and Superpowers . . . and the Future of the United States	Cal Thomas					9780310357537	hardcover	to-read	10/23/2021			10/23/2021
Searching for Boko Haram: A History of Violence in Central Africa	Scott Maceachern					9780190492526	hardcover	to-read	12/25/2021			12/25/2021
A Chinese Reading of the Daodejing: Wang Bi's Commentary on the Laozi with Critical Text and Translation	Lao Tzu, Rudolf G. Wagner							to-read	5/19/2021			5/19/2021
Trainspotting	Irvine Welsh							to-read	8/29/2021			8/29/2021
Rigor Mortis: How Sloppy Science Creates Worthless Cures, Crushes Hope, and Wastes Billions	Richard F. Harris							to-read	9/7/2021			9/7/2021
Indigenous Methodologies: Characteristics, Conversations, and Contexts	Margaret Kovach						paperback	to-read	9/7/2021			9/7/2021
Another End of the World is Possible	John Halstead					9780359765102	paperback	to-read	1/16/2021			1/16/2021
Hollow Kingdom	Kira Jane Buxton					9781549155369	audio	to-read	1/10/2021			1/10/2021
How to Blow Up a Pipeline	Andreas Malm							to-read	12/27/2021			12/27/2021
Just in Case: How to Be Self-Sufficient When the Unexpected Happens	Kathy Harrison					9781603420358	paperback	to-read	1/19/2021			1/19/2021
Wild	Cheryl Strayed					9780307592736	hardcover	read	12/6/2014	12/6/2014	12/6/2014	12/6/2014
The Power of Geography: Ten Maps That Reveal the Future of Our World	Tim Marshall					9781982178628	hardcover	to-read	12/25/2021			12/25/2021
Harry Potter and the Order of the Phoenix	J.K. Rowling					9781408865439	hardcover	read	6/16/2012			6/16/2012
Dark Age America: Climate Change, Cultural Collapse, and the Hard Future Ahead	John Michael Greer					9780865718333	paperback	to-read	1/16/2021			1/16/2021
Rewiring America	Saul Griffith							to-read	1/31/2021			1/31/2021
Food Not Lawns: How to Turn Your Yard Into a Garden and Your Neighborhood Into a Community	Jackie Holmstrom, Toby Hemenway, Heather Flores							to-read	12/15/2021			12/15/2021
House Arrest	K.A. Holt					9781452134772	hardcover	read	10/7/2015			10/7/2015
The Botany of Desire: A Plant's-Eye View of the World	Michael Pollan					9781480568846		to-read	1/6/2021			1/6/2021
The Chilli Bean Paste Clan	Yan Ge, Nicky Harman							to-read	8/29/2021			8/29/2021
Unbroken: A World War II Story of Survival, Resilience, and Redemption	Laura Hillenbrand					9780739319697	audio	read	10/20/2015	10/20/2015	10/20/2015	10/20/2015
The Selfish Gene	Richard Dawkins					9788932471631	paperback	to-read	1/6/2021			1/6/2021
The Changing World Order: Why Nations Succeed and Fail	Ray Dalio					9781982160272	hardcover	to-read	12/25/2021			12/25/2021
Mockingjay	Suzanne Collins					9781410428417	hardcover	read	6/23/2012			6/23/2012
Bury My Heart at Wounded Knee: An Indian History of the American West	Dee Brown					9780606265867		to-read	1/6/2021			1/6/2021
Why We Run: A Natural History	Bernd Heinrich							to-read	11/7/2021			11/7/2021
Bioinformatics for Dummies	Jean-Michel Claverie, Cedric Notredame					9780470089859	paperback	to-read	11/4/2021			11/4/2021
Orientalism	Edward W. Said, Jean-Leon Gerome					9780394740676		to-read	8/29/2021			8/29/2021
Walden	Henry David Thoreau							to-read	5/19/2021			5/19/2021
Faraway Wanderers 天涯客	priest											12/30/1899